ID,BANK,IFSC_CODE,MICR_CODE,BRANCH_NAME,ADDRESS,CONTACT,CITY,DISTRICT,STATE
VYSA0000001,ING Vysya Bank Ltd,VYSA0000001,0,CORPORATE OFFICE,CORPORATE OFFICE,,BANGALORE,BANGALORE URBAN,KARNATAKA
VYSA0001000,ING Vysya Bank Ltd,VYSA0001000,0,FINANCE,"22, M.G.ROAD, BANGALORE",,BANGALORE,BANGALORE URBAN,KARNATAKA
VYSA0001010,ING Vysya Bank Ltd,VYSA0001010,560064002,AVENUE ROAD,"NO 489, AVENUE ROAD BANGALORE - 560 002.",,BANGALORE,BANGALORE URBAN,KARNATAKA
VYSA0001020,ING Vysya Bank Ltd,VYSA0001020,0,DAVANAGERE,"249/ 1 & 2, CHAMARAJPET
DAVANGERE - 577001",,DAVANGERE,DAVANAGARE,KARNATAKA
VYSA0001030,ING Vysya Bank Ltd,VYSA0001030,0,CHITRADURGA,"3221, HOLALKERE ROAD, P.B.NO.13 CHITRADURGA -577501",,CHITRADURGA,CHITRADURGA,KARNATAKA
VYSA0001040,ING Vysya Bank Ltd,VYSA0001040,0,CHINTAMANI,"SEGU MARKET, DOUBLE ROAD, CHINTAMANI - 563125",,CHINTAMANI,KOLAR,KARNATAKA
VYSA0001050,ING Vysya Bank Ltd,VYSA0001050,0,BANGARPET,"P.B.NO.22, NO.630, MASJID ROAD, BANGARPET - 568114",,BANGARPET,KOLAR,KARNATAKA
VYSA0001060,ING Vysya Bank Ltd,VYSA0001060,570064002,MYSORE MAIN,"6 TO 9, IST FLOOR, DEVARAJ URS ROAD, MYSORE - 570 001",,MYSORE,MYSORE,KARNATAKA
VYSA0001070,ING Vysya Bank Ltd,VYSA0001070,0,KADUR,"K.M.ROAD, KADUR -577548",,KADUR,CHICKMAGALUR,KARNATAKA
VYSA0001080,ING Vysya Bank Ltd,VYSA0001080,571064452,KOLLEGAL,"P.O.BOX.NO 8, MAIN ROAD, DR. AMBEDAKAR ROAD, CHAMARAJANAGAR DIST. KOLLEGAL - 571440",,KOLLEGAL,CHAMRAJNAGAR,KARNATAKA
VYSA0001090,ING Vysya Bank Ltd,VYSA0001090,0,CHICKBALLAPUR,"P.B.NO.3, B.B. ROAD, CHIKKABALLAPUR - 562101,",,CHIKBALLAPUR,KOLAR,KARNATAKA
VYSA0001100,ING Vysya Bank Ltd,VYSA0001100,0,MULBAGAL,"TAPCMS BUILDING, M.C.ROAD, MULBAGAL - 563131",,MULBAGAL,KOLAR,KARNATAKA
VYSA0001110,ING Vysya Bank Ltd,VYSA0001110,0,BELLARY,"DOOR NO.222(1),(2), NJS COMPLEX, WARD NO.5, BANGALORE- BELLARY ROAD, BELLARY-583101",,BANGALORE,BANGALORE URBAN,KARNATAKA
VYSA0001111,ING Vysya Bank Ltd,VYSA0001111,NON MICR,"DISTRICT COURT, BELLARY (EC)",DISTRICT COURT COMPLEX COURT ROAD BELLARY-583 101,,BELLARY,BELLARY,KARNATAKA
VYSA0001120,ING Vysya Bank Ltd,VYSA0001120,560064003,CHICKPET,"234, IST FLOOR GARUDACHAR COMPLEX CHICKPET, BANGALORE - 53.",,BANGALORE,BANGALORE URBAN,KARNATAKA
VYSA0001130,ING Vysya Bank Ltd,VYSA0001130,0,T.NARISIPUR,"N0.187, MUNCIPAL OFFICE ROAD, T.NARASIPUR - 571124",,TIRUMAKUDAL NARSIPUR,MYSORE,KARNATAKA
VYSA0001140,ING Vysya Bank Ltd,VYSA0001140,0,GAURIBIDANUR,"""B.H.ROAD, GOWRIBIDANUR - 561 208""",,GAURIBIDANUR,KOLAR,KARNATAKA
VYSA0001150,ING Vysya Bank Ltd,VYSA0001150,560064015,ULSOOR,"ULSOOR BRANCH 35, CAR STREET, ULSOOR BANGALORE - 560 008.",,BANGALORE,BANGALORE URBAN,KARNATAKA
VYSA0001160,ING Vysya Bank Ltd,VYSA0001160,0,VIJAYAPURA,"2284,NEAR TMS OFFICE DEVANAHALLI - TALUK, VIJAYAPURA - 562135 BANGALORE -RURAL DIST",,VIJAYAPURA,BANGALORE RURAL,KARNATAKA
VYSA0001170,ING Vysya Bank Ltd,VYSA0001170,0,KAMPLI,"BAZAR STREET, P. B. NO. 2, KAMPLI - 583132, HOSPET - TALUK",,KAMPLI,BELLARY,KARNATAKA
VYSA0001180,ING Vysya Bank Ltd,VYSA0001180,0,HOSPET,"315, MAIN BAZAR, P B NO 41,
HOSPET - 583201",,HOSPET,BELLARY,KARNATAKA
VYSA0001190,ING Vysya Bank Ltd,VYSA0001190,580064002,HUBLI,"1ST FLOOR, UMACHIGI COMPLEX KOPPIKAR ROAD, HUBLI - 580 020.",,HUBLI-DHARWAD,DHARWAD,KARNATAKA
VYSA0001200,ING Vysya Bank Ltd,VYSA0001200,0,HAGRIBOMMANAHALLI,"10/171 IST FLOOR, BASAVESWAR BAZAR, WARD NO. 10, H.B.HALLI - 583101",,HAGARIBOMMANAHALLI,BELLARY,KARNATAKA
VYSA0001210,ING Vysya Bank Ltd,VYSA0001210,0,RAICHUR,"KATAKAM COMPLEX, CITY TALKIES ROAD RAICHUR - 584101.",,RAICHUR,RAICHUR,KARNATAKA
VYSA0001211,ING Vysya Bank Ltd,VYSA0001211,NON MICR,"DISTRICT COURT, RAICHUR(EC)",DISTRICT COURT RAICHUR-584 101,,RAICHUR,RAICHUR,KARNATAKA
VYSA0001220,ING Vysya Bank Ltd,VYSA0001220,0,HANUR,"THEATRE ROAD, HANUR - 571439",,HANUR,CHAMRAJNAGAR,KARNATAKA
VYSA0001230,ING Vysya Bank Ltd,VYSA0001230,560064010,"K G ROAD BRANCH, BANGLORE",F.K.C.C.I BUILDING BANGALORE - 560 009.,,BANGALORE,BANGALORE URBAN,KARNATAKA
VYSA0001240,ING Vysya Bank Ltd,VYSA0001240,0,TALKAD,"65, MAIN ROAD, NEW TOWN, TALKAD - 571122",,TALKAD,MYSORE,KARNATAKA
VYSA0001250,ING Vysya Bank Ltd,VYSA0001250,0,MANCHENAHALLY,952 SARASWATHIPURAM EXTENSION MANCHENAHALLI - 561 211,,MANCHENAHALLY,KOLAR,KARNATAKA
VYSA0001260,ING Vysya Bank Ltd,VYSA0001260,560064013,NEW THARAGUPET,"NO.130, MYSORE ROAD, NEW THARAGUPET, BANGALORE - 560002",,BANGALORE,BANGALORE URBAN,KARNATAKA
VYSA0001280,ING Vysya Bank Ltd,VYSA0001280,0,CHALLAKERE,"S.NO.12/1,PAVAGADA ROAD, CHALLAKERE -577522",,CHALLAKERE,CHITRADURGA,KARNATAKA
VYSA0001290,ING Vysya Bank Ltd,VYSA0001290,0,KODIGENAHALLI,"NEAR BUS STAND KODIGENAHALLI - 572 127, MADHUGIRI TALUK",,KODIGENAHALLY,TUMKUR,KARNATAKA
VYSA0001300,ING Vysya Bank Ltd,VYSA0001300,0,PARASURAMAPURA,MAIN ROAD PARASURAMAPURA - 577 588,,PARASURAMPURA,CHITRADURGA,KARNATAKA
VYSA0001310,ING Vysya Bank Ltd,VYSA0001310,0,PATHAPALYA,"57/53, GROUND FLOOR, MAIN ROAD, BAGEPALLY TALUK, PATAHAPALLAYA - 561212",,PATHAPALYA,KOLAR,KARNATAKA
VYSA0001320,ING Vysya Bank Ltd,VYSA0001320,572064002,TUMKUR,"DONTHI MANSION, NO.2224, SKP TEMPLE STREET, P.B.NO.4, MANDIPET, TUMKUR - 572101",,TUMKUR,TUMKUR,KARNATAKA
VYSA0001321,ING Vysya Bank Ltd,VYSA0001321,NON MICR,"DISTRICT AND SESSIONS JUDGES COURT, TUMKUR (EC)",DISTRICT AND SESSIONS JUDGES COURT DISTRICT COURT COMPLEX DR. B.R.AMBEDKAR ROAD TUMKUR-572 101,,TUMKUR,TUMKUR,KARNATAKA
VYSA0001330,ING Vysya Bank Ltd,VYSA0001330,0,UPPIN BETAGERE,"P B ROAD, BYADGI TQ, HAVERI DIST, MOTEBENNUR 581106",,UPPIN BETAGERE,DHARWAD,KARNATAKA
VYSA0001340,ING Vysya Bank Ltd,VYSA0001340,560064012,NETKALLAPPA CIRCLE,"50, SUBBARAMA CHETTY ROAD NETKALAPPA CIRCLE, BASAVANAGUDI, BANGALORE - 560 004.",,BANGALORE,BANGALORE URBAN,KARNATAKA
VYSA0001348,ING Vysya Bank Ltd,VYSA0001348,NA,BBARB OPS,NO 22 M G ROAD BRANCH BANGALORE 560001,,BANGALORE,BANGALORE,KARNATAKA
VYSA0001350,ING Vysya Bank Ltd,VYSA0001350,0,SHIMOGA,(COMMERCIAL BUILDINGS) BALARAJ - URS ROAD SHIMOGA - 577201,,SHIMOGA,SHIMOGA,KARNATAKA
VYSA0001351,ING Vysya Bank Ltd,VYSA0001351,NON MICR,NATIONAL EDUCATION SOCIETY (EC),NATIONAL EDUCATION SOCIETY BUILDING BALARAJ URS ROAD SHIMOGA-577 201,,SHIMOGA,SHIMOGA,KARNATAKA
VYSA0001352,ING Vysya Bank Ltd,VYSA0001352,NON MICR,JAWAHARLAL NEHRU NATIONAL COLLEGE OF ENGINEERING(EC),JAWAHARLAL NEHRU NATIONAL COLLEGE OF ENGINEERING CAMPUS SAVALANGA ROAD NAVALE SHIMOGA-577 201,,SHIMOGA,SHIMOGA,KARNATAKA
VYSA0001360,ING Vysya Bank Ltd,VYSA0001360,560064018,R V COLLEGE OF ENGG.,"R.V.C.E CAMPUS, 8TH MILE, MYSORE ROAD, BANGALORE - 560 059",,BANGALORE,BANGALORE URBAN,KARNATAKA
VYSA0001370,ING Vysya Bank Ltd,VYSA0001370,0,CHICKMAGALUR,"1130, RAMASUNDER COMPLEX P.B. NO. 87, M.G. ROAD CHICKMAGALUR - 577101",,CHIKMAGALUR,CHICKMAGALUR,KARNATAKA
VYSA0001380,ING Vysya Bank Ltd,VYSA0001380,0,HASSAN,"NO.23, RAJATHA COMPLEX, GROUND FLOOR, OPP MAHAVERA, SERVICE STATION, P. B. NO 6, B.M. ROAD, HASSAN - 573201",,HASSAN,HASSAN,KARNATAKA
VYSA0001390,ING Vysya Bank Ltd,VYSA0001390,560064005,I B STREET,"108, IBRAHIM SAHEB STREET SHIVAJI NAGAR, BANGALORE-5.",,BANGALORE,BANGALORE URBAN,KARNATAKA
VYSA0001400,ING Vysya Bank Ltd,VYSA0001400,0,MANDYA,"1978,R.P. ROAD, SUBASH NAGAR, MANDYA - 571401",,MANDYA,MANDYA,KARNATAKA
VYSA0001410,ING Vysya Bank Ltd,VYSA0001410,580064302,DHARWAR,"K.V.V.SANGHA BUILIDING, IST FLOOR, AZAD PARK ROAD DHARWAD - 580 001.",,HUBLI-DHARWAD,DHARWAD,KARNATAKA
VYSA0001420,ING Vysya Bank Ltd,VYSA0001420,560064016,VISWESWARAPURAM,"NO.3 ,MIDDLE SCHOOL CROSS ROAD
VISHVESWARAPURAM
BANGALORE - 560004",,BANGALORE,BANGALORE URBAN,KARNATAKA
VYSA0001430,ING Vysya Bank Ltd,VYSA0001430,0,GADAG,"1638/1, AJANTHA COMPLEX, COTTON MARKET ROAD, GADAG -582101",,GADAG,GADAK,KARNATAKA
VYSA0001440,ING Vysya Bank Ltd,VYSA0001440,0,MERCARA,"59/9A, MAIN ROAD, P.B.NO.65, MERCARA - 571201",,MADIKERI,MADIKERI,KARNATAKA
VYSA0001450,ING Vysya Bank Ltd,VYSA0001450,0,KARWAR,"SHIRIN TALKIES COMPLEX, MAIN ROAD, KARWAR -581301",,KARWAR,UTTARA KANNADA,KARNATAKA
VYSA0001460,ING Vysya Bank Ltd,VYSA0001460,585064002,GULBARGA,"NO.21, P.B.NO.6, SUPER MARKET GULBARGA - 585101.",,GULBARGA,GULBERGA,KARNATAKA
VYSA0001470,ING Vysya Bank Ltd,VYSA0001470,560064011,MALLESWARAM,"NO.89, SAMPIGE ROAD 11TH CROSS, MALLESWARAM BANGALORE - 560 003.",,BANGALORE,BANGALORE URBAN,KARNATAKA
VYSA0001480,ING Vysya Bank Ltd,VYSA0001480,0,MOTEBENNUR,MAIN ROAD MOTEBENNUR - 581 136,,MOTEBENNUR,HAVERI,KARNATAKA
VYSA0001490,ING Vysya Bank Ltd,VYSA0001490,570064004,MAREGOWDANAHALLI,"44, RAMASWAMY COMPLEX, K.R.S.ROAD, MAREGOWDANAHALLI - 570016",,MYSORE,MYSORE,KARNATAKA
VYSA0001500,ING Vysya Bank Ltd,VYSA0001500,0,BELGAUM,"2893-A, 1ST FLOOR, AMARCON COMPLEX, KHADE BAZAR, BELGAUM - 590002",,BELGAUM,BELGAUM,KARNATAKA
VYSA0001510,ING Vysya Bank Ltd,VYSA0001510,0,MUNDARGI,SOMANATHA NILAYA NEAR KOPPAL BUS STAND MUNDERGI - 582 118,,MUNDARGI,GADAK,KARNATAKA
VYSA0001520,ING Vysya Bank Ltd,VYSA0001520,0,TIPTUR,"FIRST FLOOR, SRI SHIVAMURTHY MURUGA RAJENDRA COMPLEX, B H ROAD, TIPTUR - 572 201",,TIPTUR,TUMKUR,KARNATAKA
VYSA0001530,ING Vysya Bank Ltd,VYSA0001530,575064002,MANGALORE,"NAVARATNA COMPLEX K S RAO ROAD, PB NO 225 MANGALORE - 577001",,MANGALORE,DAKSHINA KANNADA,KARNATAKA
VYSA0001540,ING Vysya Bank Ltd,VYSA0001540,0,HUNSUR,"NO.2056, K. R. NAGA ROAD, P.B.NO.7, HUNSUR - 571105",,HUNSUR,MYSORE,KARNATAKA
VYSA0001550,ING Vysya Bank Ltd,VYSA0001550,0,CHELUR,MAIN ROAD CHELUR - 563 124,,CHELUR,KOLAR,KARNATAKA
VYSA0001560,ING Vysya Bank Ltd,VYSA0001560,0,GANGAVATI,"PLOT NO.13, & 14,LINGASUGUR ROAD, GANGAVATI - 583227",,GANGAVATHI,KOPPAL,KARNATAKA
VYSA0001570,ING Vysya Bank Ltd,VYSA0001570,0,SIRUGUPPA,"SRI PANCHAMUKHI KRUPA BUILDINGS, ADONI ROAD, SIRUGUPPA - 583121",,SIRUGUPPA,BELLARY,KARNATAKA
VYSA0001580,ING Vysya Bank Ltd,VYSA0001580,560064020,BOMMANAHALLI,"320/3/54/4, SIDDAPPA COMPOUND, HOSUR MAIN ROAD, BOMMANAHALLI BANGALORE - 560 068.",,BANGALORE,BANGALORE URBAN,KARNATAKA
VYSA0001590,ING Vysya Bank Ltd,VYSA0001590,0,BARANDUR,201/C I FLOOR B.H. ROAD BARANDUR - 577 245,,BARANDUR,SHIMOGA,KARNATAKA
VYSA0001600,ING Vysya Bank Ltd,VYSA0001600,560064006,JAYANAGAR,"NO.233, 9TH MAIN ROAD JAYANAGAR 3RD BLOCK BANGALORE - 560 011.",,BANGALORE,BANGALORE URBAN,KARNATAKA
VYSA0001610,ING Vysya Bank Ltd,VYSA0001610,581064402,SIRSI,"BANNADAMATH BUILIDING, C.P.BAZAR, P.B.NO.18, SIRSI - 581401",,SIRSI,UTTARA KANNADA,KARNATAKA
VYSA0001620,ING Vysya Bank Ltd,VYSA0001620,0,BAGALKOT,"B.V.V.SANGHA SHOPPING, COMPLEX, IST FLOOR, COLLEGE ROAD, BAGALKOT - 587101",,BAGALKOT,BAGALKOT,KARNATAKA
VYSA0001630,ING Vysya Bank Ltd,VYSA0001630,0,INGLESWAR,PLOT NO.9 BASAVANAGAR INGALESHWAR - 586 203,,INGLESWAR,BIJAPUR,KARNATAKA
VYSA0001631,ING Vysya Bank Ltd,VYSA0001631,NON MICR,SRI BASAVESHWARA ARTS & COMMERCE COLLEGE (EC),SRI BASAVESHWARA ARTS & COMMERCE COLLEGE MAIN ROAD BASAVANA BAGEWADI-586 203,,BIJAPUR,BIJAPUR,KARNATAKA
VYSA0001640,ING Vysya Bank Ltd,VYSA0001640,0,MAHAGAON,"MAIN ROAD, MAHAGAON - 585316 GULBARGA DIST",,MAHAGAON,GULBERGA,KARNATAKA
VYSA0001650,ING Vysya Bank Ltd,VYSA0001650,560064007,KASTURBA ROAD,"10/4, MITRA TOWERS KASTURBA ROAD BANGALORE - 560 001.",,BANGALORE,BANGALORE URBAN,KARNATAKA
VYSA0001660,ING Vysya Bank Ltd,VYSA0001660,0,TADAWALGA,186/1 TADAWALGA - 586 162,,TADAWALGA,BIJAPUR,KARNATAKA
VYSA0001661,ING Vysya Bank Ltd,VYSA0001661,NON MICR,G.R.G.A & Y.A.P.C. COLLEGE (EC),G.R.G.A & Y.A.P.C. COLLEGE SINDGI ROAD INDI-586 209,,BIJAPUR,BIJAPUR,KARNATAKA
VYSA0001670,ING Vysya Bank Ltd,VYSA0001670,0,TAMBA,"495, MAIN ROAD, TAMBA - 586 216",,TAMBA,BIJAPUR,KARNATAKA
VYSA0001700,ING Vysya Bank Ltd,VYSA0001700,0,BIJAPUR,"NO. 952-B/20, SANGAM BUILDING S.S FRONT ROAD, P.B. NO. 64 BIJAPUR - 586101",,BIJAPUR,BIJAPUR,KARNATAKA
VYSA0001720,ING Vysya Bank Ltd,VYSA0001720,0,PAVAGADA,WARD NO.1 I FLLOR ANNAPOORNA COMPLEX KUVEMPU ROAD PAVAGADA - 561 202,,PAVAGADA,TUMKUR,KARNATAKA
VYSA0001730,ING Vysya Bank Ltd,VYSA0001730,0,HALLUR,MAHALAKSHMI ROAD HALLUR - 591 312,,HALLUR,BELGAUM,KARNATAKA
VYSA0001740,ING Vysya Bank Ltd,VYSA0001740,0,BIDAR,"NO.9-2-181, VAZEER BUILDING 1ST FLOOR, AMBEDKAR CIRCLE, BIDAR - 585401.",,BIDAR,BIDAR,KARNATAKA
VYSA0001760,ING Vysya Bank Ltd,VYSA0001760,0,HALBARGA,MAIN ROAD HALBARGA BHALKI - TALUK BIDAR - DIST. - 585413,,HALBARGA,BIDAR,KARNATAKA
VYSA0001770,ING Vysya Bank Ltd,VYSA0001770,0,SULEHPET,5/57 VEGETABLE MARKET ROAD SULEHPET - 585 324,,SULEHPET,GULBERGA,KARNATAKA
VYSA0001780,ING Vysya Bank Ltd,VYSA0001780,0,NITTUR,HAJNAL ROAD NO.V-116 NITTUR - 585 413,,NITTUR,HASSAN,KARNATAKA
VYSA0001790,ING Vysya Bank Ltd,VYSA0001790,0,BAGDAL,MAIN ROAD BAGDAL - 585 260,,BAGDAL,BIDAR,KARNATAKA
VYSA0001800,ING Vysya Bank Ltd,VYSA0001800,0,SRINIVASPURA,"NO.1986/1935, IST FLOOR, NEAR BUS STAND, SRINIVASAPURA - 563135",,SRINIVASAPUR,KOLAR,KARNATAKA
VYSA0001810,ING Vysya Bank Ltd,VYSA0001810,0,ILKAL,"MAHANTEESH SHOPPING COMPLEX, 1ST FLOOR, KANTI CIRCLE, ILKAL - 587125",,ILKAL,BAGALKOT,KARNATAKA
VYSA0001820,ING Vysya Bank Ltd,VYSA0001820,0,KOLAR,"1507 / 1508 , 2ND DIVISION
DODDAPET, KOLAR - 563101",,KOLAR,KOLAR,KARNATAKA
VYSA0001830,ING Vysya Bank Ltd,VYSA0001830,560064014,SADASHIVANAGAR,"BELLARY ROAD , 224/16, SADASHIVA NAGAR BANGALORE 560 080.",,BANGALORE,BANGALORE URBAN,KARNATAKA
VYSA0001850,ING Vysya Bank Ltd,VYSA0001850,0,THANDAVAPURA,"NO. 15/1, NEAR BUS STOP, MYSORE_NANJANGUD ROAD, THANDAVAPURA-571302, NANJANGUD TQ. MYSORE DIST.",,THANDAVAPURA,MYSORE,KARNATAKA
VYSA0001860,ING Vysya Bank Ltd,VYSA0001860,0,SONDEKOPPA,"292,MAIN ROAD, SONDEKOPPA - 562130, VIA TAVAREKERE - MAGADI - BANGALORE NORTH TALUK",,BANGALORE,BANGALORE URBAN,KARNATAKA
VYSA0001870,ING Vysya Bank Ltd,VYSA0001870,560064004,FRASER TOWN,"152/1, WHEELER ROAD FRAZER TOWN BANGALORE - 560 005.",,BANGALORE,BANGALORE URBAN,KARNATAKA
VYSA0001880,ING Vysya Bank Ltd,VYSA0001880,0,BHADRAVATHI,"OLD TOWN, NO. 3017, P.B. NO. 330, B.H. ROAD, BHADRAVATI - 577303",,BHADRAVATI,SHIMOGA,KARNATAKA
VYSA0001890,ING Vysya Bank Ltd,VYSA0001890,570064003,JAYALAKSHMI PURAM,"NO.42,KALIDASA ROAD V.V MOHALA, JAYALAKSHMIPURAM, MYSORE - 570 002.",,MYSORE,MYSORE,KARNATAKA
VYSA0001900,ING Vysya Bank Ltd,VYSA0001900,560064017,YESHWANTHAPUR,"167, R.M.C YARD,6TH MAIN 6TH CROSS, YESHWANTHAPUR BANGALORE - 560 022.",,BANGALORE,BANGALORE URBAN,KARNATAKA
VYSA0001910,ING Vysya Bank Ltd,VYSA0001910,0,JAVARANAHALLI,"BALAGANGADHARANATHA NAGAR , JAVARANAHALLI - 571448 BELLUR - POST NAGAMANGAL - TALUK",,JAVARANAHALLI,MANDYA,KARNATAKA
VYSA0001930,ING Vysya Bank Ltd,VYSA0001930,0,BYADGI,CTS NO. 244 L.R. MELGIRI BUILDING MAIN ROAD BYADGI - 581 106,,BYADGI,HAVERI,KARNATAKA
VYSA0001960,ING Vysya Bank Ltd,VYSA0001960,560064021,SRINIVASA NAGAR,"3/5, 10TH MAIN ROAD, SRINIVASA NAGAR, BHANSHANKARI I STAGE, BANGALORE - 560 050.",,BANGALORE,BANGALORE URBAN,KARNATAKA
VYSA0001980,ING Vysya Bank Ltd,VYSA0001980,0,DEGALMADI,MANDAL PANCHAYAT BUILDING DEGALMADI - 585 307,,DEGALMADI,GULBERGA,KARNATAKA
VYSA0001990,ING Vysya Bank Ltd,VYSA0001990,0,NAGAMANGALA,B.M. ROAD BESIDE KSRTC BUS STAND NAGAMANGALA - 571 432,,NAGAMANGALA,MANDYA,KARNATAKA
VYSA0002000,ING Vysya Bank Ltd,VYSA0002000,560064001,J C ROAD,"NEW MISSION ROAD,1ST CROSS, J C ROAD, BANGALORE - 560027",,BANGALORE,BANGALORE URBAN,KARNATAKA
VYSA0002001,ING Vysya Bank Ltd,VYSA0002001,0,CMS BANGALORE,"P B NO 2785, A NO. 2 NEW MISSION ROAD, 1ST CROSS J C ROAD, BANGALORE - 560027",,BANGALORE,BANGALORE URBAN,KARNATAKA
VYSA0002010,ING Vysya Bank Ltd,VYSA0002010,560064008,ST.MARKS ROAD,"NO.29,WHITE HOUSE, ST.MARKS ROAD, BANGALORE - 560 001.",,BANGALORE,BANGALORE URBAN,KARNATAKA
VYSA0002020,ING Vysya Bank Ltd,VYSA0002020,0,SHASHTRI NAGAR,"NO. 18, WARD NO. 18, S.L.V. TOWERS, MAIN ROAD, PARVATHI NAGAR, BELLARY - 583103.",,BELLARY,BELLARY,KARNATAKA
VYSA0002040,ING Vysya Bank Ltd,VYSA0002040,560064022,M G ROAD,"ING VYSYA HOUSE, GROUND FLOOR, 22, M G ROAD, BANGALORE - 01",,BANGALORE,BANGALORE URBAN,KARNATAKA
VYSA0002047,ING Vysya Bank Ltd,VYSA0002047,0,TFU BANGALORE,"22, MG ROAD, 3RD FLOOR, BANGALORE 560 001",,BANGALORE,BANGALORE URBAN,KARNATAKA
VYSA0002050,ING Vysya Bank Ltd,VYSA0002050,0,UDUPI,"SHIVA PRASAD COMMERICAL COMPLEX, P.B.NO.96, HEAD POST OFFICE ROAD, UDUPI - 576101",,UDUPI,UDUPI,KARNATAKA
VYSA0002080,ING Vysya Bank Ltd,VYSA0002080,560064024,VIJAYANAGAR,"19, ADICHUNCHUNAGIRI SHOPPING COMPLEX, VIJAYANAGAR, BANGALORE - 560 040.",,BANGALORE,BANGALORE URBAN,KARNATAKA
VYSA0002090,ING Vysya Bank Ltd,VYSA0002090,560064036,INDIRA NAGAR,"HOUSE NO.2006, 100 FT ROAD HAL 2ND STAGE, INDIRANAGAR BANGALORE - 560 058.",,BANGALORE,BANGALORE URBAN,KARNATAKA
VYSA0002100,ING Vysya Bank Ltd,VYSA0002100,0,ASSET RECOVERY MANAGEMENT - BANGALORE,489 IV FLOOR AVENUE ROAD BANGALORE - 560 002,,BANGALORE,BANGALORE URBAN,KARNATAKA
VYSA0002110,ING Vysya Bank Ltd,VYSA0002110,560064043,R T NAGAR,"NO.2 / 45, DINNUR MAIN ROAD R.T NAGAR, BANGALORE - 560 032.",,BANGALORE,BANGALORE URBAN,KARNATAKA
VYSA0002160,ING Vysya Bank Ltd,VYSA0002160,560064023,K.H.ROAD,"22, HARA CHAMBERS, K.H.ROAD (DOUBLE ROAD), BANGALORE - 560 027.",,BANGALORE,BANGALORE URBAN,KARNATAKA
VYSA0002161,ING Vysya Bank Ltd,VYSA0002161,0,CONSUMER ASSETS,"22, MG ROAD, BANGLAORE",,BANGALORE,BANGALORE URBAN,KARNATAKA
VYSA0002170,ING Vysya Bank Ltd,VYSA0002170,560064045,H S R LAYOUT,"NO12, BDA COMMERCIAL COMPLEX, H S R LAYOUT, BANGALORE - 560 034",,BANGALORE,BANGALORE URBAN,KARNATAKA
VYSA0002180,ING Vysya Bank Ltd,VYSA0002180,560064046,KORAMANGALA,"NO.412, GROUND FLOOR, 100 FT ROAD, WAR NO.68, 4TH BLOCK, (OPP. SUKH SAGAR HOTEL), KORMANGALA, BANGALORE - 560 034",,BANGALORE,BANGALORE URBAN,KARNATAKA
VYSA0002190,ING Vysya Bank Ltd,VYSA0002190,0,"DISTRICT COURT, GULBARGA","DISTRICT COURT, GULBARGA-585 103""",,GULBARGA,GULBERGA,KARNATAKA
VYSA0002200,ING Vysya Bank Ltd,VYSA0002200,570064005,KUVEMPU NAGAR,"JSS LAW COLLEGE, NEW KANTHARAJ URS ROAD, MYSORE-570 023",,MYSORE,MYSORE,KARNATAKA
VYSA0002210,ING Vysya Bank Ltd,VYSA0002210,0,SRI DEVARAJ URS MEDICAL COLLEGE,SRI DEVRAJ URS MEDICAL COLLEGE TAMAKA KOLAR-563 101,,KOLAR,KOLAR,KARNATAKA
VYSA0002220,ING Vysya Bank Ltd,VYSA0002220,560064033,K.R.ROAD,BANGALORE,,BANGALORE,BANGALORE URBAN,KARNATAKA
VYSA0002230,ING Vysya Bank Ltd,VYSA0002230,NON MICR,DEVASANDRA,33 GROUND FLOOR D K  COMPLEX DEVASANDRA  MAIN  ROAD (NEAR BVNH SCHOOL)  K R PURAM  POST BANGALORE- 560036,,BANGALORE,BANGALORE URBAN,KARNATAKA
VYSA0002240,ING Vysya Bank Ltd,VYSA0002240,560064042,"BANASHANKARI (DEVAGIRI) (J S S PUBLIC SCHOOL), BANGALORE","#5,B.NANJAIH COMPLEX,4TH BLOCK,KATRIGUPPE CIRCLE,BANASHANKARI 3RD STAGE,BANGALORE 560085",,BANASHANKARI,BANGALORE URBAN,KARNATAKA
VYSA0002250,ING Vysya Bank Ltd,VYSA0002250,0,CMS HUB,1ST FLOOR- 100 EDEN PARK - NO.20 - VITTAL MALLYA ROAD - BANGALORE-560 001,,BANGALORE,BANGALORE URBAN,KARNATAKA
VYSA0002270,ING Vysya Bank Ltd,VYSA0002270,560064040,"RAJAJI NAGAR (SRI JAGAJYOTHI BASAVESWARA SAHAKARA SANGHA), BANGALORE","SRI. JAGAJYOTHI BASAVESWARA SAHAKARA SANGHA BUILDING, II BLOCK, RAJAJINAGAR, BANGALORE - 560 010",,RAJAJI NAGAR,BANGALORE URBAN,KARNATAKA
VYSA0002310,ING Vysya Bank Ltd,VYSA0002310,560064026,JP NAGAR BRANCH,"VET SCHOOL  POLYTECHNIC 
NO18 14TH MAIN 13TH CROSS JPNAGAR II PHASE 
BANGALORE560 078",,BANGALORE,BANGALORE URBAN,KARNATAKA
VYSA0002360,ING Vysya Bank Ltd,VYSA0002360,560064027,"SMVIT (SRI KRISHNA DEVARAYA EDU.TRUST (M.V.I.T)), BANGALORE","SRI KRISHNA DEVARAYA EDUCATIONAL TRUST PREMISES, (SIR M.VISVESVARAYA INST. OF TECHNOLOGY), HUNASAMARANAHALLI, NEAR YELAHANKA, BANGALORE - 562 157",,SMVIT,BANGALORE URBAN,KARNATAKA
VYSA0002370,ING Vysya Bank Ltd,VYSA0002370,560064028,HIGH COURT BRANCH,HIGH COURT OF KARNATAKA HIGH COURT BUILDINGS DR AMBEDKAR VEEDHI BANGALORE 560 001,,BANGALORE,BANGALORE,KARNATAKA
VYSA0002380,ING Vysya Bank Ltd,VYSA0002380,570064003,"SIDDARTHA NAGAR (GEETHA SHISHU SHIKSHANA SANGHA), MYSORE","GEETHA SHISHU SHIKSHANA SANGHA BUILDING, AHIMSA MARGA, SIDDARTHA NAGAR, MYSORE - 570 011",,SIDDARTHA NAGAR,MYSORE,KARNATAKA
VYSA0002390,ING Vysya Bank Ltd,VYSA0002390,APPLIED FOR,B.U.D.A. BRANCH,"BIJAPUR URBAN DEVELOPMENT AUTHORITY, 1, B-BAGEWADI ROAD, BIJAPUR-586 101",,BIJAPUR,BIJAPUR,KARNATAKA
VYSA0002410,ING Vysya Bank Ltd,VYSA0002410,APPLIED FOR,H.U.D.A. BRANCH,"HUBLI DHARWAD URBAN DEVELOPMENT AUTHORITY, HDMC COMPLEX, WARD NO. 23, NAVANAGAR, AMARGOL, P.B. ROAD, HUBLI-580 025",,HUBLI-DHARWAD,DHARWAD,KARNATAKA
VYSA0002420,ING Vysya Bank Ltd,VYSA0002420,APPLIED FOR,M.C.C.BLOCK BRANCH,"SRI VINAYAKA TRUST HIGH SCHOOL, M.C.C. 'B' BLOCK, MEDICAL COLLEGE ROAD, DAVANGERE-577 004",,DAVANGERE,DAVANGERE,KARNATAKA
VYSA0002500,ING Vysya Bank Ltd,VYSA0002500,0,CREDIT CARD DIVISION,"22, MG ROAD, 3RD FLOOR, BANGALORE 560 001",,BANGALORE,BANGALORE URBAN,KARNATAKA
VYSA0003000,ING Vysya Bank Ltd,VYSA0003000,515064102,HINDUPUR,"18-1- 137, M.F. ROAD, HINDUPUR - 515201",,HINDUPUR,ANANTPUR,ANDHRA PRADESH
VYSA0003010,ING Vysya Bank Ltd,VYSA0003010,0,KADIRI,"616/11, BY PASS ROAD, KADIRI - 515591",,KADIRI,ANANTPUR,ANDHRA PRADESH
VYSA0003020,ING Vysya Bank Ltd,VYSA0003020,0,MARKAPUR,"7/306. NEHRU STREET, PB NO.18, MARKAPUR - 523316 PRAKASAM - DIST",,MARKAPUR,PRAKASAM,ANDHRA PRADESH
VYSA0003030,ING Vysya Bank Ltd,VYSA0003030,500064006,GENERAL BAZAR,"3-3-798, GENERAL BAZAR SECUNDERABAD - 500003.",,SECUNDERABAD CANTONMENT,HYDERABAD URBAN,ANDHRA PRADESH
VYSA0003040,ING Vysya Bank Ltd,VYSA0003040,500064003,ABID ROAD,"TROOP BAZAR, 4-1-317 TO 319 ABID ROAD, HYDERABAD - 500001.",,HYDERABAD,HYDERABAD URBAN,ANDHRA PRADESH
VYSA0003041,ING Vysya Bank Ltd,VYSA0003041,500064014,ABIDS EC,"16-10/1A, HYDERABAD RACE CLUB, MALAKPET, 
HYDERABAD-500 036",,HYDERABAD,HYDERABAD URBAN,ANDHRA PRADESH
VYSA0003050,ING Vysya Bank Ltd,VYSA0003050,0,DHARMAVARAM,VAIDEHI COMPLEX DURGAMMA TEMPLE STREET DHARMAVARAM - 515671 ANANTAPUR - DIST,,ANANTAPUR,ANANTPUR,ANDHRA PRADESH
VYSA0003060,ING Vysya Bank Ltd,VYSA0003060,500064002,SIDDIAMBER BAZAR,"15-1-518, SIDDIAMBER BAZAR HYDERABAD, A.P - 500012",,HYDERABAD,HYDERABAD URBAN,ANDHRA PRADESH
VYSA0003070,ING Vysya Bank Ltd,VYSA0003070,0,MADANAPALLE,"1-322 ,IST FLOOR, NEHRU BAZAR, MADANAPALLE -517325",,MADANAPALLE,CHITTOR,ANDHRA PRADESH
VYSA0003080,ING Vysya Bank Ltd,VYSA0003080,0,SADHASIVAPET,"SUBHASH ROAD , SADASHIVPET - 500228",,SADASHIVPET,MEDAK,ANDHRA PRADESH
VYSA0003090,ING Vysya Bank Ltd,VYSA0003090,520064009,VIJAYAWADA MAIN,"DOOR NO.9-76-18, K.T ROAD, KOTHEPETA, VIJAYAWADA - 1.",,VIJAYAWADA,KRISHNA,ANDHRA PRADESH
VYSA0003100,ING Vysya Bank Ltd,VYSA0003100,0,KALIKIRI,"T.B.ROAD, KALIKIRI - 517234",,KALIKIRI,CHITTOR,ANDHRA PRADESH
VYSA0003110,ING Vysya Bank Ltd,VYSA0003110,518064002,KURNOOL,"ING VYSYA BANK LIMITED D.NO.40/184, SHOP NOS 12 TO 17( GR FLOOR) UCON PLAZA, PARK ROAD K U R N O O L - 518 001.",,KURNOOL,KURNOOL,ANDHRA PRADESH
VYSA0003120,ING Vysya Bank Ltd,VYSA0003120,0,BESTAVARAPET,POST OFFICE LANE BESTAWARPET - 523 334,,BESTAVARAPET,PRAKASAM,ANDHRA PRADESH
VYSA0003130,ING Vysya Bank Ltd,VYSA0003130,0,PUNGANUR,"P.B.NO. 5, 18/127, SUBEDAR STREET, PUNGANUR -517247",,PUNGANUR,CHITTOR,ANDHRA PRADESH
VYSA0003140,ING Vysya Bank Ltd,VYSA0003140,0,BUKKAPATNAM,"1/72 MAIN ROAD , BUKKAPATNAM - MANDAL, ANANTAPUR - 515144",,BUKKAPATNAM,ANANTPUR,ANDHRA PRADESH
VYSA0003150,ING Vysya Bank Ltd,VYSA0003150,520064002,GOVERNORPET,"29-4-19. KODANDARAM REDDI STREET, OPP RAHIMAN PARK GOVERNORPET VIJAYAWADA - 520002.",,VIJAYAWADA,KRISHNA,ANDHRA PRADESH
VYSA0003160,ING Vysya Bank Ltd,VYSA0003160,0,GIDDALUR,"DOOR NO.4-9-54, RAILWAY STATION ROAD, GIDDALUR, PRAKASAM DIST - 523357",,GIDDALUR,PRAKASAM,ANDHRA PRADESH
VYSA0003170,ING Vysya Bank Ltd,VYSA0003170,520064102,GUNTUR MAIN,"D.NO.23-1-87 & 23-1-88, S.K.P TEMPLE STREET, GOLD SHOP CENTRE, GUNTUR - 522003.",,GUNTUR,GUNTUR,ANDHRA PRADESH
VYSA0003180,ING Vysya Bank Ltd,VYSA0003180,518064102,NANDYAL,"25/586, SRINIVASA NAGAR, NANDYAL - 518501",,NANDYAL,KURNOOL,ANDHRA PRADESH
VYSA0003190,ING Vysya Bank Ltd,VYSA0003190,0,HOLAGUNDA,"HOLAGUNDA -MANDAL, HOLAGUNDA - 518346",,HOLAGUNDA,KURNOOL,ANDHRA PRADESH
VYSA0003200,ING Vysya Bank Ltd,VYSA0003200,0,PORUMAMILLA,"12/321,322, IST FLOOR MAIN ROAD, PORUMAMILLA - 516193",,PORUMAMILLA,CUDDAPAH,ANDHRA PRADESH
VYSA0003210,ING Vysya Bank Ltd,VYSA0003210,0,NAMBUR,BLOCK NO.8 DOOR NO.20 NAMBUR - 522 508,,NAMBUR,GUNTUR,ANDHRA PRADESH
VYSA0003220,ING Vysya Bank Ltd,VYSA0003220,533064102,RAJAHMUNDRY,"36-8-20,STADIUM ROAD, P.B NO.39, INNISPETA RAJAHMUNDRY - 533101.",,RAJAHMUNDRY,EAST GODAVARI,ANDHRA PRADESH
VYSA0003230,ING Vysya Bank Ltd,VYSA0003230,500064004,AMEERPET,"D.NO.127 TO 139, IST FLOOR NEELAGIRI BLOCK, ADITYA ENCLAVE, AMEERPET HYDERABAD - 500038.",,HYDERABAD,HYDERABAD URBAN,ANDHRA PRADESH
VYSA0003233,ING Vysya Bank Ltd,VYSA0003233,500064029,AMMERPET EC,"RADHA MATERNITY NURSING HOME,  H. NO. 8-3-318/10/2, PLOT NO. 10, ENGINEER'S COLONY, YOUSUFGUDA MAIN ROAD, HYDERABAD-500 073",,HYDERABAD,HYDERABAD URBAN,ANDHRA PRADESH
VYSA0003240,ING Vysya Bank Ltd,VYSA0003240,0,ROMPICHERLA,NO.1 BIG MOSQUE STREET ROMPICHERLA - 517 192,,ROMPICHERLA,GUNTUR,ANDHRA PRADESH
VYSA0003250,ING Vysya Bank Ltd,VYSA0003250,506064002,WARANGAL,"8-11-20, RNT ROAD WARANGAL - 506002",,WARANGAL,WARANGAL,ANDHRA PRADESH
VYSA0003260,ING Vysya Bank Ltd,VYSA0003260,534064302,PALAKOL,"14-7-8 , 9TH WARD, RANGAMANNARPET, PALKOL-534260 W.G.DIST",,PALAKOL,WEST GODAVARI,ANDHRA PRADESH
VYSA0003270,ING Vysya Bank Ltd,VYSA0003270,522064102,NARASARAOPET,"NO.9-11-10/1 ARUNDELPET, NARASARAOPET - 522601",,NARSARAOPET,GUNTUR,ANDHRA PRADESH
VYSA0003280,ING Vysya Bank Ltd,VYSA0003280,517064002,TIRUPATHI,"308, IST FLOOR, BHIMSA COMPLEX, GANDHI ROAD, TIRUPATI - 517501",,TIRUPATI,CHITTOR,ANDHRA PRADESH
VYSA0003290,ING Vysya Bank Ltd,VYSA0003290,534064402,BHIMAVARAM,REST HOUSE ROAD BHIMAVARAM - 534 201. WEST GODAVARI DIST.(A.P.),,BHIMAVARAM,WEST GODAVARI,ANDHRA PRADESH
VYSA0003300,ING Vysya Bank Ltd,VYSA0003300,533064002,KAKINADA,"26-1-4/1, TEMPLE STREET KAKINADA - 1.",,KAKINADA,EAST GODAVARI,ANDHRA PRADESH
VYSA0003310,ING Vysya Bank Ltd,VYSA0003310,523064002,ONGOLE,"GOPALANAGARAM, ONGOLE - 523001, PRAKASAM DIST",,ONGOLE,PRAKASAM,ANDHRA PRADESH
VYSA0003320,ING Vysya Bank Ltd,VYSA0003320,515064002,ANANTAPUR,"NO.15-99A, KAMALA NAGAR ANANTAPUR - 515001.",,ANANTAPUR,ANANTPUR,ANDHRA PRADESH
VYSA0003330,ING Vysya Bank Ltd,VYSA0003330,530064002,VISAKAPATNAM MAIN,"27-4-40, MAIN ROAD SUPER BAZAAR BUILDINGS VISHAKAPATNAM - 530002.",,VISAKHAPATNAM,VISHAKAPATNAM,ANDHRA PRADESH
VYSA0003337,ING Vysya Bank Ltd,VYSA0003337,0,VISAKHAPATNAM - TF,"10-50-83, GROUND FLOOR, WALTAIR MAIN ROAD, VISAKHAPATNAM - 530 002.",,VISAKHAPATNAM,VISHAKAPATNAM,ANDHRA PRADESH
VYSA0003340,ING Vysya Bank Ltd,VYSA0003340,507064002,KHAMMAM,"3-1-33,EXHIBITION GROUND SUNDAR TALKIES ROAD KHAMMAM - 507003.",,KHAMMAM,KHAMMAM,ANDHRA PRADESH
VYSA0003350,ING Vysya Bank Ltd,VYSA0003350,0,CHIRALA,"PRAKASAM DIST, CHIRALA - 523155.",,CHIRALA,PRAKASAM,ANDHRA PRADESH
VYSA0003360,ING Vysya Bank Ltd,VYSA0003360,0,ADONI,"412, P.N.ROAD, ADONI - 518301",,ADONI,KURNOOL,ANDHRA PRADESH
VYSA0003370,ING Vysya Bank Ltd,VYSA0003370,517064202,SRIKALAHASTI,-161 KONDAMITTA STREET SRIKALAHASTI - 517 644,,SRIKALAHASTI,CHITTOR,ANDHRA PRADESH
VYSA0003380,ING Vysya Bank Ltd,VYSA0003380,0,IEEJA,"19/201, SANTHA BAZAR, IEEJA - 509127, MEHABOOB NAGAR DIST",,IEEJA,MEHBOOBNAGAR,ANDHRA PRADESH
VYSA0003390,ING Vysya Bank Ltd,VYSA0003390,534064202,TANUKU,"OPP.BOYS HIGH SCHOOL, R.P.ROAD, TANUKU - 534211",,TANUKU,WEST GODAVARI,ANDHRA PRADESH
VYSA0003400,ING Vysya Bank Ltd,VYSA0003400,530064102,ANAKAPALLE,"12-11-15 & 16, GROUND FLOOR, CHINTAVARI STREET, WARD NO.24, ANAKAPALLE - 531001",,ANAKAPALLE,VISHAKAPATNAM,ANDHRA PRADESH
VYSA0003410,ING Vysya Bank Ltd,VYSA0003410,0,RAJAM,"MAIN ROAD, RAJAM - 532127",,RAJAM,SRIKAKULAM,ANDHRA PRADESH
VYSA0003420,ING Vysya Bank Ltd,VYSA0003420,500064020,PATTANCHERU,SUSEERAM COMPLEX MUMBAI HIGHWAY PATTANCHERU - 502319.,,MUMBAI,GREATER MUMBAI,MAHARASHTRA
VYSA0003430,ING Vysya Bank Ltd,VYSA0003430,505064002,KARIMNAGAR,"3-5-150/13, GANDHI ROAD KARIMNAGAR - 505001.",,KARIMNAGAR,KARIM NAGAR,ANDHRA PRADESH
VYSA0003440,ING Vysya Bank Ltd,VYSA0003440,0,PAPANAIDUPET,"BAZAR STREET, YERPEDU MANDAL, PAPANAIDUPET - 517526",,PAPANAIDUPET,CHITTOR,ANDHRA PRADESH
VYSA0003450,ING Vysya Bank Ltd,VYSA0003450,500064005,CHIKKADAPALLY,"1-1-191/8, 6TH CROSS, CHIKKADAPALLY HYDERABAD - 500020.",,HYDERABAD,HYDERABAD URBAN,ANDHRA PRADESH
VYSA0003460,ING Vysya Bank Ltd,VYSA0003460,0,NANDIVELUGU,NO.4-124 SUGGULAVARI STREET NANDIVELUGU - 522 306,,NANDIVELUGU,GUNTUR,ANDHRA PRADESH
VYSA0003470,ING Vysya Bank Ltd,VYSA0003470,0,PEDDARAVUR,MAIN ROAD PEDDARAVUR - 522 203,,PEDDARAVUR,GUNTUR,ANDHRA PRADESH
VYSA0003480,ING Vysya Bank Ltd,VYSA0003480,0,MUPPALLA,MAIN ROAD MUPPALA - 522 408,,MUPPALLA,GUNTUR,ANDHRA PRADESH
VYSA0003490,ING Vysya Bank Ltd,VYSA0003490,0,RAMAKUPPAM,"""MAIN ROAD, RAMAKUPPAM - 517 401""",,RAMAKUPPAM,CHITTOR,ANDHRA PRADESH
VYSA0003500,ING Vysya Bank Ltd,VYSA0003500,0,CHOWDEPALLE,3-8 MOTOR STREET CHOWDEPALLE - 517 257,,CHOWDEPALLE,CHITTOR,ANDHRA PRADESH
VYSA0003510,ING Vysya Bank Ltd,VYSA0003510,0,PEDDAPENDYALA,NO.1670 TO 1672 KARUNAPURAM PEDDAPENDYALA - 506 151,,PEDDAPENDYALA,WARANGAL,ANDHRA PRADESH
VYSA0003520,ING Vysya Bank Ltd,VYSA0003520,503064002,NIZAMABAD,"DOOR NO.7-9-818, DEVI ROAD, NIZAMABAD- 503001",,NIZAMABAD,NIZAMABAD,ANDHRA PRADESH
VYSA0003530,ING Vysya Bank Ltd,VYSA0003530,0,NALLACHERUVU,"NALLACHERUVU, NALLACHERUVU MANDALAM, NALLACHERUVU - 515551",,NALLACHERUVU,ANANTPUR,ANDHRA PRADESH
VYSA0003540,ING Vysya Bank Ltd,VYSA0003540,0,VISSAKODERU,"""P.P. ROAD, (MAIN ROAD) VISSAKODERU - 534 244""",,VISSAKODERU,WEST GODAVARI,ANDHRA PRADESH
VYSA0003570,ING Vysya Bank Ltd,VYSA0003570,0,KHANDAVALLI,"KHANDAVALLI, WEST GODAVARI DIST., ANDHRAPRADESH. PIN CODE: 534 330.",,KHANDAVALLI,WEST GODAVARI,ANDHRA PRADESH
VYSA0003580,ING Vysya Bank Ltd,VYSA0003580,0,G. MEDAPADU,"DOOR NO.10-52,MAIN ROAD, G.MEDAPADU-533434",,G.MEDAPADU,EAST GODAVARI,ANDHRA PRADESH
VYSA0003590,ING Vysya Bank Ltd,VYSA0003590,0,SARIPALLI,MAIN ROAD SARIPALLE - 534 198 VIA GANAPAVARAM,,SARIPALLI,WEST GODAVARI,ANDHRA PRADESH
VYSA0003600,ING Vysya Bank Ltd,VYSA0003600,0,KONDAKAMARLA,KONDAKAMARLA BRANCH NO.4/27 NAGELLAVARI STREET KONDAKAMARLA ANANTAPUR DIST-515531 AP,,KONDAKAMARLA,ANANTPUR,ANDHRA PRADESH
VYSA0003610,ING Vysya Bank Ltd,VYSA0003610,0,MUPKAL,MUPKAL BRANCH MAIN ROAD BALKONADA MANDAL MUPKAL NIZAMABAD DIST.- AP,,MUPKAL,NIZAMABAD,ANDHRA PRADESH
VYSA0003630,ING Vysya Bank Ltd,VYSA0003630,0,YELAKATURTHY,YELAKATURTHY BRANCH KARIMNAGAR DISTRICT YELAKATURTHY KARIM NAGAR DIST. YELAKATURTHY-505476 AP,,YELAKATURTHY,KARIM NAGAR,ANDHRA PRADESH
VYSA0003640,ING Vysya Bank Ltd,VYSA0003640,524064002,NELLORE,"5/97 PAPPULA STREET, NELLORE - 524002.",,NELLORE,NELLORE,ANDHRA PRADESH
VYSA0003650,ING Vysya Bank Ltd,VYSA0003650,0,CHEJERLA,"1-3-59, WESTERN STREET, MAIN ROAD, CHEJERLA-524341",,CHEJERLA,NELLORE,ANDHRA PRADESH
VYSA0003670,ING Vysya Bank Ltd,VYSA0003670,0,SHIVANAPALLY,"SHIVUNIPALLY BRANCH RO2/55/3,MAIN ROAD SHIVUNIPALLY GHANPUR TALUK WARANGAL DIST.- AP",,SHIVANAPALLI,WARANGAL,ANDHRA PRADESH
VYSA0003680,ING Vysya Bank Ltd,VYSA0003680,0,KHANAPURAM,"H.NO.3-172, MAIN ROAD, KHANAPURAM - 506 132""",,KHANAPURAM,WARANGAL,ANDHRA PRADESH
VYSA0003690,ING Vysya Bank Ltd,VYSA0003690,0,HEMAVATHI,HEMAVATHY BRANCH MADAKASIRA TALUK HEMAVATHI ANANTAPUR DIST HEMAVATHY-515286 AP,,HEMAVATHI,ANANTPUR,ANDHRA PRADESH
VYSA0003691,ING Vysya Bank Ltd,VYSA0003691,0,AVS - AMARAPURAM,ARYA VYSYA SANGHAM AVS EXTENSION COUNTER AMARAPURAM-515 281,,AMARAPURAM,ANANTPUR,ANDHRA PRADESH
VYSA0003700,ING Vysya Bank Ltd,VYSA0003700,0,PENUKONDA,1-697-A GROUND FLOOR DURGA ROAD VALMIKINAGAR PENUKONDA - 515 110,,PENUKONDA,ANANTPUR,ANDHRA PRADESH
VYSA0003710,ING Vysya Bank Ltd,VYSA0003710,0,BHAKARAPET,"DOOR NO.1/58, BAZAR STREET, BHAKARAPET -517194 CHINNAGOTTIGALLU - TALUK",,BHAKARAPET,CHITTOR,ANDHRA PRADESH
VYSA0003720,ING Vysya Bank Ltd,VYSA0003720,0,PERURU,VIA) KOWKUNTLA PERUR - 509 219,,PERURU,MEHBOOBNAGAR,ANDHRA PRADESH
VYSA0003730,ING Vysya Bank Ltd,VYSA0003730,0,JAKKARAMPALLY,"""5/48 & 5/49, M.R.O. OFFICE ROAD, JAKRANPALLY - 571432""",,JAKKARAMPALLY,NIZAMABAD,ANDHRA PRADESH
VYSA0003750,ING Vysya Bank Ltd,VYSA0003750,0,GURRAMKONDA,2/86 SANTHA VEEDI GURRAMKONDA MANDAL GURRAMKONDA - 517 297,,GURRAMKONDA,CHITTOR,ANDHRA PRADESH
VYSA0003760,ING Vysya Bank Ltd,VYSA0003760,534064002,ELURU,"D.NO.4-1-2/1, P.B.NO.6, IST FLOOR, CANAL ROAD, ELURU - 354001 W.G.DIST",,ELURU,WEST GODAVARI,ANDHRA PRADESH
VYSA0003770,ING Vysya Bank Ltd,VYSA0003770,0,PATNAM,"2/93, 3RD WARD, KADIRI MANDAL, PATNAM - 515501",,ANANTAPUR,ANANTPUR,ANDHRA PRADESH
VYSA0003780,ING Vysya Bank Ltd,VYSA0003780,0,SYDAPUR,MAIN ROAD NEAR BUS STAND SYDAPUR - 505 472,,SYDAPUR,KARIM NAGAR,ANDHRA PRADESH
VYSA0003790,ING Vysya Bank Ltd,VYSA0003790,0,UPPAL,"KAMALAPUR(MANDAL) KARIMNAGAR DIST, UPPAL - 505101",,UPPAL,KARIM NAGAR,ANDHRA PRADESH
VYSA0003800,ING Vysya Bank Ltd,VYSA0003800,517064102,CHITTOOR,"11-119, SUNDARAYYAR STREET, SABARI COMPLEX, CHITOOR - 517001",,CHITTOOR,CHITTOR,ANDHRA PRADESH
VYSA0003810,ING Vysya Bank Ltd,VYSA0003810,0,CHALVAI,MAIN ROAD CHALVAI - 506 344,,CHALVAI,WARANGAL,ANDHRA PRADESH
VYSA0003820,ING Vysya Bank Ltd,VYSA0003820,0,GANDHARI,MAIN ROAD GANDHARI - 503 114,,GANDHARI,NIZAMABAD,ANDHRA PRADESH
VYSA0003840,ING Vysya Bank Ltd,VYSA0003840,0,MUPPAVARAM,PANGALUR ROAD MUPPAVARAM - 523 261,,MUPPAVARAM,PRAKASAM,ANDHRA PRADESH
VYSA0003850,ING Vysya Bank Ltd,VYSA0003850,0,KARLAPUDI,MAIN ROAD KARLAPUDI - 522 016,,KARLAPUDI,GUNTUR,ANDHRA PRADESH
VYSA0003860,ING Vysya Bank Ltd,VYSA0003860,521064202,MACHILIPATNAM,"11-661-1, ROBERTSONPET, MAIN ROAD, MACHALIPATNAM - 521001",,MACHILIPATNAM,KRISHNA,ANDHRA PRADESH
VYSA0003870,ING Vysya Bank Ltd,VYSA0003870,520064202,TENALI,"16-3-104 TO 106, VEERARAGHAVALLU STREET, SHROFF BAZAR, TENALI - 522201",,TENALI,GUNTUR,ANDHRA PRADESH
VYSA0003900,ING Vysya Bank Ltd,VYSA0003900,0,SRIKAKULAM,"G T ROAD, T S NO 160 & 162
SRIKAKULAM - 532001",,SRIKAKULAM,KRISHNA,ANDHRA PRADESH
VYSA0003910,ING Vysya Bank Ltd,VYSA0003910,516064002,CUDDAPAH,"24/47, TRUNK ROAD
CUDDAPAH - 516001",,CUDDAPAH,CUDDAPAH,ANDHRA PRADESH
VYSA0003920,ING Vysya Bank Ltd,VYSA0003920,0,RAGUNATHAPALLE,MAIN ROAD RAGHUNATHAPALLE - 506 244,,RAGUNATHAPALLE,WARANGAL,ANDHRA PRADESH
VYSA0003930,ING Vysya Bank Ltd,VYSA0003930,509064002,MAHBUBNAGAR,"12-1-273, NETAJI CIRCLE, NEW TOWN, MAHABUBNAGAR-509001",,MAHBUBNAGAR,MEHBOOBNAGAR,ANDHRA PRADESH
VYSA0003940,ING Vysya Bank Ltd,VYSA0003940,0,RAMASAMUDRAM,"6-71,BAZAR STREET, RAMASAMUDRAM -517417 PUNGANUR - TALUK",,RAMASAMUDRAM,CHITTOR,ANDHRA PRADESH
VYSA0003950,ING Vysya Bank Ltd,VYSA0003950,0,DAULATABAD,"MAIN ROAD, DAULATABAD - 509336",,DAULATABAD,MEHBOOBNAGAR,ANDHRA PRADESH
VYSA0003960,ING Vysya Bank Ltd,VYSA0003960,520064103,ARUNDELPET,"4/1, ARUNDELPET GUNTUR - 522002.",,GUNTUR,GUNTUR,ANDHRA PRADESH
VYSA0003970,ING Vysya Bank Ltd,VYSA0003970,505064202,HUZURABAD,"12-267, WARANGAL ROAD, HUZURABAD, KARIMNAGAR - DIST, ANDRAPRADESH -505001",,HUZURABAD,KARIM NAGAR,ANDHRA PRADESH
VYSA0003980,ING Vysya Bank Ltd,VYSA0003980,503064102,KAMAREDDY,"DOOR NO 2-3-77, IST FLOOR, SUBASH ROAD, KAMAREDDY- 503111",,KAMAREDDY,NIZAMABAD,ANDHRA PRADESH
VYSA0003990,ING Vysya Bank Ltd,VYSA0003990,502064202,SIDDIPET,"D. NO. 11-1-15 & 16, MEDAK ROAD, SIDDIPET -502103",,SIDDIPET,MEDAK,ANDHRA PRADESH
VYSA0004000,ING Vysya Bank Ltd,VYSA0004000,600064006,G N STREET,"184, GOVINDAPPA NAICKEN STREET, CHENNAI - 600 001.",,CHENNAI,CHENNAI,TAMIL NADU
VYSA0004010,ING Vysya Bank Ltd,VYSA0004010,600064008,TIRUVOTTIYUR,"NO.17(OLD NO.91,92 & 93), 1ST FLOOR, T.H.ROAD, TIRUVOTTIYUR, CHENNAI - 600019.",,CHENNAI,CHENNAI,TAMIL NADU
VYSA0004020,ING Vysya Bank Ltd,VYSA0004020,641064002,COIMBATORE,"219, ARUNACHALAM ROAD, R.S PURAM, COIMBATORE - 641002.",,COIMBATORE,COIMBOTORE,TAMIL NADU
VYSA0004029,ING Vysya Bank Ltd,VYSA0004029,NON MICR,FES-OPS UNIT,"2ND FLOOR NO 22 MG ROAD,BANGALORE-560001",,BANGALORE,BANGALORE,KARNATAKA
VYSA0004030,ING Vysya Bank Ltd,VYSA0004030,600064005,SOUTH MAMBALAM,"NO.1, SOUTH USMAN ROAD, T.NAGAR, CHENNAI - 600017",,CHENNAI,CHENNAI,TAMIL NADU
VYSA0004040,ING Vysya Bank Ltd,VYSA0004040,636064002,SALEM,"17, FORT MAIN ROAD, SHEVAPET SALEM - 636002.",,SALEM,SALEM,TAMIL NADU
VYSA0004041,ING Vysya Bank Ltd,VYSA0004041,NON MICR,BHARATI VIDYALAYA HIGHER SECONDARY SCHOOL(EC),BHARATI VIDYALAYA HIGHER SECONDARY SCHOOL T.S.NO.1242 & 1243 WARD NO.1 BLOCK NO.28 SALEM-636 007,,SALEM,SALEM,TAMIL NADU
VYSA0004050,ING Vysya Bank Ltd,VYSA0004050,638064002,ERODE,"918 PARK ROAD, ERODE - 638003.",,ERODE,ERODE,TAMIL NADU
VYSA0004060,ING Vysya Bank Ltd,VYSA0004060,0,HOSUR,"NO.7, 2ND CROSS, KAMARAJ COLONY, HOSUR - 635125",,HOSUR,KRISHNAGIRI,TAMIL NADU
VYSA0004070,ING Vysya Bank Ltd,VYSA0004070,600064003,MOUNT ROAD,"185 ANNASALAI, (NEAR T.V.S) CHENNAI - 600 006.",,CHENNAI,CHENNAI,TAMIL NADU
VYSA0004077,ING Vysya Bank Ltd,VYSA0004077,0,TFU CHENNAI,185 ANNA SALAI NEAR TVS CHENNAI - 600 006,,CHENNAI,CHENNAI,TAMIL NADU
VYSA0004080,ING Vysya Bank Ltd,VYSA0004080,625064002,MADURAI,"58 - GOODS SHED STREET, MADURAI - 625001.",,MADURAI,MADURAI,TAMIL NADU
VYSA0004090,ING Vysya Bank Ltd,VYSA0004090,600064007,VILLIVAKKAM,"41-43, MTH ROAD, VILLIVAKKAM CHENNAI - 600 049.",,CHENNAI,CHENNAI,TAMIL NADU
VYSA0004100,ING Vysya Bank Ltd,VYSA0004100,600064016,KANCHEEPURAM,"547-B, GROUND FLOOR, GANDHI ROAD, KANCHIPURAM - 631501",,KANCHIPURAM,KANCHEEPURAM,TAMIL NADU
VYSA0004110,ING Vysya Bank Ltd,VYSA0004110,620064002,TIRUCHIRAPALLI,"47,CHINNA KADAI STREET, P.B NO 314, TIRUCHIRAPALLY - 620002.",,TIRUCHIRAPPALLI,TIRUCHIORAPPALLI,TAMIL NADU
VYSA0004120,ING Vysya Bank Ltd,VYSA0004120,0,TANJORE,"1779, MANOJIAPPA STREET, TANJORE - 613009",,THANJAVUR,THANJAVUR,TAMIL NADU
VYSA0004121,ING Vysya Bank Ltd,VYSA0004121,NON MICR,ST. ANTONY'S HIGHER SECONDARY SCHOOL(EC),ST. ANTONYS HIGHER SECONDARY SCHOOL THANJAVUR-613 001,,THANJAVUR,THANJAVUR,TAMIL NADU
VYSA0004130,ING Vysya Bank Ltd,VYSA0004130,600064004,MYLAPORE,"13/1, KARPAGAMBAL NAGAR MAIN RD, MYLAPORE CHENNAI - 600004.",,CHENNAI,CHENNAI,TAMIL NADU
VYSA0004133,ING Vysya Bank Ltd,VYSA0004133,0,CPOC,13/1 KARPAGAMBAL NAGAR MAIN ROAD MYLAPORE CHENNAI - 600 004,,CHENNAI,CHENNAI,TAMIL NADU
VYSA0004140,ING Vysya Bank Ltd,VYSA0004140,0,KUMBAKONAM,"NO.41 GANDHI PARK NORTH, KUMBAKONAM - 612001",,KUMBAKONAM,THANJAVUR,TAMIL NADU
VYSA0004150,ING Vysya Bank Ltd,VYSA0004150,0,KANJIKOIL,8A KAVINDAPADI ROAD KANJIKOIL - 638 116,,KANJIKOIL,ERODE,TAMIL NADU
VYSA0004170,ING Vysya Bank Ltd,VYSA0004170,641064004,VEDAPATTI,"MAIN ROAD, VEDAPATTI, COIMBATORE-641007",,COIMBATORE,COIMBOTORE,TAMIL NADU
VYSA0004180,ING Vysya Bank Ltd,VYSA0004180,0,KADIRAMANGALAM,MAIN ROAD KADIRAMANGALAM - 612 106,,KADIRAMANGALAM,THANJAVUR,TAMIL NADU
VYSA0004200,ING Vysya Bank Ltd,VYSA0004200,0,KALINJUR,"KALINJUR BRANCH NO.116, VELLORE KATPADI ROAD VIRUDHAMPUT VELLORE DIST VELLORE-632006 TN",,VELLORE,VELLORE,TAMIL NADU
VYSA0004210,ING Vysya Bank Ltd,VYSA0004210,0,VELLORE,"NO.5, MARAKADDAI STREET, VELLORE - 632004",,VELLORE,VELLORE,TAMIL NADU
VYSA0004220,ING Vysya Bank Ltd,VYSA0004220,0,AVOOR,"4/260 - B, MAIN ROAD, AVOOR - 612701, TIRUVARUR - DIST",,AVOOR,TIRUVALLUR,TAMIL NADU
VYSA0004230,ING Vysya Bank Ltd,VYSA0004230,0,MAYILADUTHURAI,"RAHMAN COMPLEX NO 41, PATTAMANGALA STREET, MAYALADUTHURAI-609001",,MAYURAM(MAYILADUTHURAI),NAGAPATTINAM,TAMIL NADU
VYSA0004250,ING Vysya Bank Ltd,VYSA0004250,600064002,ANNANAGAR,"Z BLOCK -292, 2ND AVENUE, ANNANAGAR (W), CHENNAI - 600 040.",,CHENNAI,CHENNAI,TAMIL NADU
VYSA0004260,ING Vysya Bank Ltd,VYSA0004260,0,KEELAKURICHI,3-20/C-1 SOUTH STREET KEELAKURICHI - 614 015,,KEELAKURICHI,THANJAVUR,TAMIL NADU
VYSA0004270,ING Vysya Bank Ltd,VYSA0004270,0,TIRUVANNAMALAI,"69, SANNADHI STREET, TIRUVANNAMALAI - 606601",,TIRUVANNAMALAI,TIRUVANNAMALAI,TAMIL NADU
VYSA0004280,ING Vysya Bank Ltd,VYSA0004280,641064102,TIRUPUR,"2/3 VALIPALAYAM, TIRUPPUR - 638601. COIMBATORE DIST.",,COIMBATORE,COIMBOTORE,TAMIL NADU
VYSA0004287,ING Vysya Bank Ltd,VYSA0004287,0,TIRUPPUR - TF,2/3 VALIPALAYAM TIRUPPUR - 638 601,,TIRUPPUR,COIMBOTORE,TAMIL NADU
VYSA0004290,ING Vysya Bank Ltd,VYSA0004290,600064012,VALASARAVAKKAM,"147, ARCOT ROAD, VALSARAVAKKAM CHENNAI - 600087.",,CHENNAI,CHENNAI,TAMIL NADU
VYSA0004300,ING Vysya Bank Ltd,VYSA0004300,0,NAMAKKAL,"88, SALEM ROAD
NAMAKKAL - 637001",,SALEM,SALEM,TAMIL NADU
VYSA0004310,ING Vysya Bank Ltd,VYSA0004310,641064003,SAI BABA COLONY BRANCH,"482/483, SNV CHAMBERS,CROSS CUT ROAD, PONNIAN STREET,COIMBATORE- 641 012",,COIMBATORE,COIMBOTORE,TAMIL NADU
VYSA0004320,ING Vysya Bank Ltd,VYSA0004320,600064013,MADIPAKKAM,"62/5, MADIPAKKAM MAIN ROAD MADIPAKKAM, CHENNAI - 600091.",,CHENNAI,CHENNAI,TAMIL NADU
VYSA0004330,ING Vysya Bank Ltd,VYSA0004330,0,ASSET RECOVERY MANAGEMENT- CHENNAI,NO.184 ANNASALAI CHENNAI - 600 006,,CHENNAI,CHENNAI,TAMIL NADU
VYSA0004340,ING Vysya Bank Ltd,VYSA0004340,600064014,ADAYAR,"21, 2ND AVENUE, M.G.ROAD, SASTRI NAGAR, ADAYAR, CHENNAI-600020",,CHENNAI,CHENNAI,TAMIL NADU
VYSA0004350,ING Vysya Bank Ltd,VYSA0004350,600064015,SANTHOME,"OLD NO 19, NEW NO38, SANTHOME HIGH ROAD, SANTHOME, CHENNAI - 600 004",,SANTHOME,CHENNAI,TAMIL NADU
VYSA0004360,ING Vysya Bank Ltd,VYSA0004360,NON-MCIR,PERUNGUDI,"14, OLD MAHABALIPURAM ROAD, KANDANCHAVADI, PERUNGUDI, CHENNAI - 600 096",,PERUNGUDI,KANCHEEPURAM,TAMIL NADU
VYSA0004370,ING Vysya Bank Ltd,VYSA0004370,600064011,"GUINDY (MADRAS RACE CLUB), CHENNAI","MADRAS RACE CLUB, GUINDY, CHENNAI-600 032",,GUINDY,CHENNAI,TAMIL NADU
VYSA0004380,ING Vysya Bank Ltd,VYSA0004380,NON MICR,ASHOK NAGAR,"NEW NO.44 OLD NO.6,SECOND AVENUE,ASHOK NAGAR,CHENNAI 600 083",,CHENNAI,CHENNAI,TAMIL NADU
VYSA0004500,ING Vysya Bank Ltd,VYSA0004500,600064001,T NAGAR,"20, APEX CHAMBERS, 3RD FLOOR, THYAGARAYA ROAD, PONDY BAZAR, T.NAGAR, CHENNAI - 600017",,CHENNAI,CHENNAI,TAMIL NADU
VYSA0004501,ING Vysya Bank Ltd,VYSA0004501,0,CMS CHENNAI,"NO 33, 2ND FLOOR, WHITES ROAD ROYAPETTAH, CHENNAI - 600014",,CHENNAI,CHENNAI,TAMIL NADU
VYSA0005000,ING Vysya Bank Ltd,VYSA0005000,400064002,"NARIMAN POINT BRANCH,MUMBAI","MITTAL TOWERS , A WING, GROUND FLOOR, 210 NARIMAN POINT, MUMBAI - 400021.",,MUMBAI,GREATER MUMBAI,MAHARASHTRA
VYSA0005010,ING Vysya Bank Ltd,VYSA0005010,682064002,ERNAKULAM,"40-1021 & 1022, KANDAMKULATHY TOWERS,M.G. ROAD, ERNAKULAM - 682011",,KOCHI,ERNAKULAM,KERALA
VYSA0005020,ING Vysya Bank Ltd,VYSA0005020,673064002,KOZHIKODE,"P.K.COMMERICAL COMPLEX, 11/527, CHEROOTY ROAD, P.B 1134, KOZHIKODE - 673032.",,CALICUT,KOZHIKODE,KERALA
VYSA0005030,ING Vysya Bank Ltd,VYSA0005030,110064003,CONNAUGHT PLACE,"G -35,CONNAUGHT PLACE, NEW DELHI - 110001",,DELHI,NEW DELHI,DELHI
VYSA0005040,ING Vysya Bank Ltd,VYSA0005040,700064004,H B SARANI,24 & 26 HEMANTA BASU SARANI OLD COURT HOUSE STREET KOLKATA - 700001,,KOLKATA,KOLKATA,WEST BENGAL
VYSA0005050,ING Vysya Bank Ltd,VYSA0005050,400064003,MANDVI,"382/384,NARISINAHA STREET, KATHA BAZAAR, MANDVI MUMBAI - 400009.",,MUMBAI,GREATER MUMBAI,MAHARASHTRA
VYSA0005060,ING Vysya Bank Ltd,VYSA0005060,0,KOLLAM,"OPP. CTO & GPO, KSFC BUILDING CHINNAKADA, P.B NO. 510 KOLLAM - 691001",,KOLLAM,KOLLAM,KERALA
VYSA0005070,ING Vysya Bank Ltd,VYSA0005070,0,KOTTAYAM,"ANCHERIL BUILDINGS, BAKER JUNCTION, KOTTAYAM - 686001.",,KOTTAYAM,KOTTAYAM,KERALA
VYSA0005080,ING Vysya Bank Ltd,VYSA0005080,110064009,GHAZIABAD,"NO.30 & 31 NAVYUG MARKET, P.B.NO.75, GHAZIABAD - 201010",,GHAZIABAD,GHAZIABAD,UTTAR PRADESH
VYSA0005090,ING Vysya Bank Ltd,VYSA0005090,411064002,PUNE,"928, MANTRI CENTRE, F.C ROAD PUNE - 411004.",,PUNE,PUNE,MAHARASHTRA
VYSA0005100,ING Vysya Bank Ltd,VYSA0005100,395064002,SURAT,"1420, RAJHANS COMPLEX, OPP J.K TOWERS, NEAR MAJURA GATE, SAGRAMPURA POST, RING ROAD SURAT - 395002. GUJARAT STATE.",,SURAT,SURAT,GUJARAT
VYSA0005110,ING Vysya Bank Ltd,VYSA0005110,682064005,MATTANCHERRY,"PAMS PALACE, PALACE ROAD
MATTANCHERRY,
ERNAKULAM DIST
COCHIN - 682002",,KOCHI,ERNAKULAM,KERALA
VYSA0005120,ING Vysya Bank Ltd,VYSA0005120,0,PALA,"IST FLOOR ,EVERGREEN COMPLEX, HOSPITAL JUNCTION, PALA - 686575 MEENACHIL - TALUK",,KOTTAYAM,KOTTAYAM,KERALA
VYSA0005130,ING Vysya Bank Ltd,VYSA0005130,0,CHERUKOLE,"KACHERIPADI, CHERUKOLE POST, KOZENCHERRY - 689650 PATHANAMTHITTA DIST",,CHERUKOLE,PATHANAMTHITTA,KERALA
VYSA0005140,ING Vysya Bank Ltd,VYSA0005140,695064002,TRIVANDRUM,"2086(4 & 5), 1ST FLOOR, R.V.TOWERS, PUNNEN ROAD, SPENCER JUNCTION, PALAYAM, THIRUVANANTHAPURAM - 695034",,THIRUVANANTHAPURAM,TRIVANDRUM,KERALA
VYSA0005150,ING Vysya Bank Ltd,VYSA0005150,0,POOVAR,"BROTHER-S COMPLEX, OPP.BUS STAND, POOVAR - POST, POOVAR - 695525",,THIRUVANANTHAPURAM,TRIVANDRUM,KERALA
VYSA0005160,ING Vysya Bank Ltd,VYSA0005160,0,EDAPALLICOTTA,"EDAPALIKOTTA BRANCH NO.VI/673-A PANMANA PUTHENCHANTHA - PO CHAVARA,EDAPALICOTTA KOLLAM(QUILON)DIST-691587 KL",,CHAVARA,KOLLAM,KERALA
VYSA0005170,ING Vysya Bank Ltd,VYSA0005170,403064003,MARGAO,"AVE MARIA BUILIDNG, BEHIND MUNICIPAL BUILDING, MARGOA - 403601.",,MARGAO,SOUTH GOA,GOA
VYSA0005180,ING Vysya Bank Ltd,VYSA0005180,700064003,K K T STREET,"10/1A, KALAKAR STREET KOLKATA - 700007.",,KOLKATA,KOLKATA,WEST BENGAL
VYSA0005190,ING Vysya Bank Ltd,VYSA0005190,605064002,PONDICHERRY,"99, AMBALATHADAYAR MADAM ST., PONDICHERRY - 605001.",,PONDICHERRY,PONDICHERRY,PONDICHERRY
VYSA0005200,ING Vysya Bank Ltd,VYSA0005200,700064002,MIDDLETON STREET,"SIKKIM HOUSE, 4/1 MIDDLETON STREET, KOLKATA - 700071",,KOLKATA,KOLKATA,WEST BENGAL
VYSA0005207,ING Vysya Bank Ltd,VYSA0005207,0,TFU CALCUTTA,4/1 MIDDLETON STREET SIKKIM HOUSE KOLKATA - 700 071,,KOLKATA,KOLKATA,WEST BENGAL
VYSA0005220,ING Vysya Bank Ltd,VYSA0005220,0,NANDED,"3-2-90 , GURU GOVINDA
SINGH ROAD
NANDED - 431601",,NANDED,NANDED,MAHARASHTRA
VYSA0005230,ING Vysya Bank Ltd,VYSA0005230,110064002,CHANDNI CHOWK,"1893,OPP.DARIBA KALAN NEW DELHI - 110006.",,DELHI,NEW DELHI,DELHI
VYSA0005240,ING Vysya Bank Ltd,VYSA0005240,380064002,AHMEDABAD,"CHANAYAKA BUILDING, ASHRAMA ROAD, AHMEDABAD - 380009",,AHMEDABAD,AHMEDABAD,GUJARAT
VYSA0005250,ING Vysya Bank Ltd,VYSA0005250,0,ALWAR,"NO,1, GROUND FLOOR, KAPATARU, ASHOK CIRCLE, ALWAR-301 001",,ALWAR,ALWAR,RAJASTHAN
VYSA0005260,ING Vysya Bank Ltd,VYSA0005260,413064002,SOLAPUR,"182, EAST MANGALWARPET, P.B NO 187, SOLAPUR - 413002",,SOLAPUR,SHOLAPUR,MAHARASHTRA
VYSA0005270,ING Vysya Bank Ltd,VYSA0005270,250064002,MEERUT,"24,CHIPI TANK , BEGAUM BRIDGE ROAD, MEERUT - 250001",,MEERUT,MEERUT,UTTAR PRADESH
VYSA0005280,ING Vysya Bank Ltd,VYSA0005280,400064004,KHAR,"PINKY PLAZA, IST FLOOR, 5TH ROAD, OPP S V ROAD, KHAR (W) MUMBAI - 400052.",,MUMBAI,GREATER MUMBAI,MAHARASHTRA
VYSA0005290,ING Vysya Bank Ltd,VYSA0005290,431064003,AURANGABAD,"25 TO 30, IST FLOOR, NIRALA BAZAAR, P.B. NO. 9, AURANGABAD - 431001.",,AURANGABAD,AURANGABAD,MAHARASHTRA
VYSA0005300,ING Vysya Bank Ltd,VYSA0005300,110064004,KAROLBAGH,"16/11 RD CHAMBERS,MAIN ARYA SAMAJ ROAD, KAROLBAGH NEW DELHI - 110005.",,DELHI,NEW DELHI,DELHI
VYSA0005310,ING Vysya Bank Ltd,VYSA0005310,0,BERHAMPUR,"222/12, BEERAKA STREET, NEAR VENKATESWARA MANDIR, BERHAMPUR - 760002.",,BERHAMPUR,BALASORE,ORISSA
VYSA0005320,ING Vysya Bank Ltd,VYSA0005320,400064005,CHEMBUR,"FINE ARTS SOCIETY BLDG, R.C MARG, CHEMBUR, MUMBAI - 400071",,MUMBAI,GREATER MUMBAI,MAHARASHTRA
VYSA0005330,ING Vysya Bank Ltd,VYSA0005330,400064009,VASHI,"111 TO 113, ARENJA CORNER, SECTOR 17, PLOT NO 71, NAVI MUMBAI - 400 703.",,MUMBAI,GREATER MUMBAI,MAHARASHTRA
VYSA0005350,ING Vysya Bank Ltd,VYSA0005350,110064005,YAMUNA VIHAR,"B - 1/4-A,YAMUNA VIHAR, NEW DELHI - 110053.",,DELHI,NEW DELHI,DELHI
VYSA0005370,ING Vysya Bank Ltd,VYSA0005370,0,THIRUVALLA,"MARS COMPLEX, DEEPA JUNCTION P.B NO. 7, M.C. ROAD THIRUVALLA - 689101.",,THIRUVALLA,PATHANAMTHITTA,KERALA
VYSA0005380,ING Vysya Bank Ltd,VYSA0005380,0,KANNUR,"POST BOX NO.438, 1ST FLOOR, UNION SHOPPING COMPLEX, TALAP ROAD, KANNUR - 670002.",,KANNUR,BIJAPUR,KARNATAKA
VYSA0005390,ING Vysya Bank Ltd,VYSA0005390,302064002,JAIPUR,"P.O.NO.379, 101, KAMALRATTAN CHAMBERS, M.I ROAD, JAIPUR - 302001.",,JAIPUR,JAIPUR,RAJASTHAN
VYSA0005397,ING Vysya Bank Ltd,VYSA0005397,0,JAIPUR - TF,E-74 BHAGAT SINGH MARG C-SCHEME JAIPUR - 302 001,,JAIPUR,JAIPUR,RAJASTHAN
VYSA0005400,ING Vysya Bank Ltd,VYSA0005400,400064008,MEERA ROAD,"SHANTI COMMERICAL COMPLEX NEAR RAILWAY STATION MIRA ROAD EAST, THANE - 401107.",,THANE,THANE,MAHARASHTRA
VYSA0005410,ING Vysya Bank Ltd,VYSA0005410,0,PALGHAT,"P.B.NO.309, NO.11/1077, T.B. ROAD, BIG BAZAAR, PALAKKAD - 678014.",,PALAKKAD,PALAKKAD,KERALA
VYSA0005420,ING Vysya Bank Ltd,VYSA0005420,0,PATHANAMTHITTA,"M.G.M TOWERS, OPP. KSRTC BUS STATION, PATTANAMTHITTA - 689645.",,PATHANAMTHITTA,PATHANAMTHITTA,KERALA
VYSA0005430,ING Vysya Bank Ltd,VYSA0005430,680064102,CHAVAKKAD,"CMS / IV / 281, IST FLOOR, UNITY BUILDINGS, HOSPITAL ROAD JN. CHAVAKKAD -680506 THRISSUR DIST",,CHAVAKKAD,TRISSUR,KERALA
VYSA0005440,ING Vysya Bank Ltd,VYSA0005440,0,TIRUR,"MUNDEKATT BUILDING, 20/870, PONNANI ROAD, POONGOTTUKULAM TIRUR - 676101.",,TIRUR,MALAPURAM,KERALA
VYSA0005450,ING Vysya Bank Ltd,VYSA0005450,753064002,CUTTACK,"PLOT NO.6, GROUND FLOOR, ARUNODAYA NAGAR, BADAMBADI, CUTTACK - 753012",,CUTTACK,CUTTAK,ORISSA
VYSA0005470,ING Vysya Bank Ltd,VYSA0005470,403064002,PANAJI,"12/115/1 GROUND FLOOR, NEURECAR CHAMBERS, M.G ROAD PANAJI - 403001.",,PANAJI,NORTH GOA,GOA
VYSA0005477,ING Vysya Bank Ltd,VYSA0005477,0,PANAJI - TF,NO.12/115/1 GROUND FLOOR NEURECAR CHAMBERS M.G.ROAD PANJI - 403 001,,PANAJI,NORTH GOA,GOA
VYSA0005480,ING Vysya Bank Ltd,VYSA0005480,400064010,VASAI,"6/1/25, BADRINATH, GROUND FLOOR, AMBADI ROAD, VASAI WEST, THANE - 401202.",,THANE,THANE,MAHARASHTRA
VYSA0005490,ING Vysya Bank Ltd,VYSA0005490,440064002,NAGPUR,"GUJARAT BHAVAN, SATYAM APARTMENT, 8, WARDA ROAD, DANTOLI, NAGPUR - 440012.",,NAGPUR,NAGPUR,MAHARASHTRA
VYSA0005497,ING Vysya Bank Ltd,VYSA0005497,0,NAGPUR - TF,GUJARAT BHAVAN SATYAM APARTMENT 8 WARDHA ROAD DHANTOLI NAGPUR - 440 012,,NAGPUR,NAGPUR,MAHARASHTRA
VYSA0005500,ING Vysya Bank Ltd,VYSA0005500,400064006,OPERA HOUSE,"PATEL CHAMBERS, GROUND FLOOR, SANDHURST BRIDGE, OPERA HOUSE, MUMBAI - 400 007",,MUMBAI,GREATER MUMBAI,MAHARASHTRA
VYSA0005507,ING Vysya Bank Ltd,VYSA0005507,0,TFU MUMBAI,PATEL CHAMBERS GROUND FLOOR SANDHURST BRIDGE OPERA HOUSE MUMBAI - 400 007,,MUMBAI,GREATER MUMBAI,MAHARASHTRA
VYSA0005510,ING Vysya Bank Ltd,VYSA0005510,700064006,LILUAH,"147/A/1, I FLOOR, GIRISH GHOSH ROAD, P.O GHUSURY HOWRAH - 711107",,HOWRAH,HOWRAH,WEST BENGAL
VYSA0005520,ING Vysya Bank Ltd,VYSA0005520,400064011,ANDHERI,"103/104, A WING, FLORAL DECK PLAZA, MIDC CENTRAL ROAD, ANDHERI (E), MUMBAI - 400093",,MUMBAI,GREATER MUMBAI,MAHARASHTRA
VYSA0005530,ING Vysya Bank Ltd,VYSA0005530,700064005,BRABOURNE ROAD,"GROUND & 2ND FLOOR, TOBACCO HOUSE, 1 & 2, OLD COURT HOUSE CORNER, KOLKATA - 700 001",,KOLKATA,KOLKATA,WEST BENGAL
VYSA0005540,ING Vysya Bank Ltd,VYSA0005540,400064012,BANDRA,"SHARADA , 32ND ROAD, OPP. NATIONAL COLLEGE, BANDRA (W) MUMBAI - 400050.",,MUMBAI,GREATER MUMBAI,MAHARASHTRA
VYSA0005550,ING Vysya Bank Ltd,VYSA0005550,226064002,LUCKNOW,"COMMERCE HOUSE, IST FLOOR, HABEEBULLAH ESTATE, HALWASIA, LUCKNOW - 226001",,LUCKNOW,LUCKNOW,UTTAR PRADESH
VYSA0005560,ING Vysya Bank Ltd,VYSA0005560,452064002,INDORE,"9/1/3, HOTEL EMBASSY, M.G ROAD INDORE - 452001",,INDORE,INDORE,MADHYA PRADESH
VYSA0005570,ING Vysya Bank Ltd,VYSA0005570,141064002,LUDHIANA,"# 19, MASTERS CHAMBERS FEROZE GANDHI MARKET LUDHIANA - 141001",,LUDHIANA,LUDHIANA,PUNJAB
VYSA0005580,ING Vysya Bank Ltd,VYSA0005580,110064008,NOIDA,"A - 361,SECTOR 19, NOIDA - 201301.",,NOIDA,GAUTAM BODDA NAGAR,UTTAR PRADESH
VYSA0005600,ING Vysya Bank Ltd,VYSA0005600,390064002,CHANNI,"SHAH CHAMBERS, RAMA KAKA ROAD, CHHANI - 391740.",,CHHANI,VADODARA,GUJARAT
VYSA0005610,ING Vysya Bank Ltd,VYSA0005610,400064013,DADAR,"RAJGIRI TOWERS, KOHINOOR ROAD, OPP. PREETHAM HOTEL DADAR (E), MUMBAI - 400014",,MUMBAI,GREATER MUMBAI,MAHARASHTRA
VYSA0005620,ING Vysya Bank Ltd,VYSA0005620,0,BHAVNAGAR,"146/150, MADHAV DARSHAN, WAGHAWADI ROAD, BHAVNAGAR - 364002.",,BHAVNAGAR,BHAVNAGAR,GUJARAT
VYSA0005630,ING Vysya Bank Ltd,VYSA0005630,400064014,WORLI,"G-2A/G-2B, GROUND FLOOR, 'A' WING, POONAM CHAMBERS, DR.A.B.ROAD, WORLI, MUMBAI - 400018",,MUMBAI,GREATER MUMBAI,MAHARASHTRA
VYSA0005640,ING Vysya Bank Ltd,VYSA0005640,682064004,PANAMPALLY NAGAR,"28/244D, I FLOOR, PARAPPIL ARCADE, MANORAMA JUNCTION, PANAMPALLY NAGAR, KOCHI-682 036, KERALA",,KOCHI,ERNAKULAM,KERALA
VYSA0005650,ING Vysya Bank Ltd,VYSA0005650,160064001,CHANDIGARH,"SCO, 70-71, GROUND FLOOR, SECTOR 8C, MADHYA MARG CHANDIGARH - 160018.",,CHANDIGARH,CHANDIGARH,CHANDIGARH
VYSA0005660,ING Vysya Bank Ltd,VYSA0005660,700064007,RASH BEHARI AVENUE,"RASH BEHARI AVENUE, RAJKAMAL, 128, RASH BEHARI AVENUE, KOLKATA - 700029.",,KOLKATA,KOLKATA,WEST BENGAL
VYSA0005670,ING Vysya Bank Ltd,VYSA0005670,751064002,BHUBANESHWAR,"NARAYAN MARKET COMPLEX PLOT NO 48, FIRST FLOOR, SHOK NAGAR, JANAPATH ROAD, UNIT - II BHUBANESWAR - 751009.",,BHUBANESWAR,KHURDA,ORISSA
VYSA0005680,ING Vysya Bank Ltd,VYSA0005680,0,KOTTIYAM,"ST.ALOYSIUS MONASTRY, KAMPIVILA, KOLLAM - DIST KOTTIYAM - 691571",,KOTTIYAM,KOLLAM,KERALA
VYSA0005690,ING Vysya Bank Ltd,VYSA0005690,0,VADAKARA,"GOVT.HOSPITAL ROAD, NUT STREET, VADAKARA -673104",,VADAKARA,KOZHIKODE,KERALA
VYSA0005710,ING Vysya Bank Ltd,VYSA0005710,0,ASSET RECOVERY MANAGEMENT- MUMBAI,PATEL CHAMBERS GROUND FLOOR SANDHURST BRIDGE OPERA HOUSE MUMBAI - 400 007,,MUMBAI,GREATER MUMBAI,MAHARASHTRA
VYSA0005720,ING Vysya Bank Ltd,VYSA0005720,0,ASSET RECOVERY MANAGEMENT- DELHI,871 EAST PARK ROAD KAROLBAGH NEW DELHI - 110 005,,DELHI,NEW DELHI,DELHI
VYSA0005730,ING Vysya Bank Ltd,VYSA0005730,221064002,VARANASI,"D-64/127-C-H, GROUND FLOOR, ARIHANT COMPLEX, SIGRA, VARANASI-221010",,VARANASI,VARANASI,UTTAR PRADESH
VYSA0005740,ING Vysya Bank Ltd,VYSA0005740,208064002,KANPUR,"129, MALL RAOD, KANPUR, UP-208001.",,KANPUR,KANPUR NAGAR,UTTAR PRADESH
VYSA0005750,ING Vysya Bank Ltd,VYSA0005750,360064002,RAJKOT,"SAUSRASTRA KUTCH STOCK EX-BUILDING, SARDAR BAZAAR, HARIHAR CHOWK, RAJKOT - 360001.",,RAJKOT,RAJKOT,GUJARAT
VYSA0005760,ING Vysya Bank Ltd,VYSA0005760,800064002,PATNA,"#.101A &101 B IST FLOOR, ASHIANA PLAZA, PLOT NO. 20, WARD NO 2, CIRCLE NO.6. BUDH MARG, PATNA - 800001.",,PATNA,PATNA,BIHAR
VYSA0005780,ING Vysya Bank Ltd,VYSA0005780,395064003,PARLE POINT,"U-9 TO U-11, SARGAM SHOPPING CENTRE, SIDDHA KSHETRA COMPLEX, OPP. MODI BUNGLOW, PARLE POINT SURAT - 395007.GUJARAT-STATE",,SURAT,SURAT,GUJARAT
VYSA0005820,ING Vysya Bank Ltd,VYSA0005820,110064010,WEST PATEL NAGAR,"13, WEST PATEL NAGAR, MAIN ROAD, NEW DELHI - 110 008",,DELHI,NEW DELHI,DELHI
VYSA0005830,ING Vysya Bank Ltd,VYSA0005830,400064015,ALTAMOUNT,"NO,17, LINCOLN LODGE, ALTA MOUNT ROAD, MUMBAI - 400036.",,MUMBAI,GREATER MUMBAI,MAHARASHTRA
VYSA0005840,ING Vysya Bank Ltd,VYSA0005840,110064011,FARIDABAD,"5E/1, B.P.RAILWAY ROAD, FARIDABAD",,FARIDABAD,FARIDABAD,HARYANA
VYSA0005850,ING Vysya Bank Ltd,VYSA0005850,462064002,BHOPAL BRANCH,"PLOT NO.5, MAIN ROAD (NEW MARKET), RAJ BHAVAN ROAD,BHOPAL-462 003",,BHOPAL,BHOPAL,MADHYA PRADESH
VYSA0005860,ING Vysya Bank Ltd,VYSA0005860,110064012,PANCHSHEEL PARK,"GROUND FLOOR & BASEMENT, S-214, PANCHSHEEL PARK, NEW DELHI - 110017",,DELHI,NEW DELHI,DELHI
VYSA0005880,ING Vysya Bank Ltd,VYSA0005880,110064013,KIRTI NAGAR,"2/10, WHS, KIRTI NAGAR, NEW DELHI - 110018",,DELHI,NEW DELHI,DELHI
VYSA0005890,ING Vysya Bank Ltd,VYSA0005890,680064002,THRISSUR,"DEPEE PLAZA, WARD NO 13/789 T.B.ROAD, KOKKALAI, THRISSUR-680021",,THRISSUR,TRISSUR,KERALA
VYSA0005900,ING Vysya Bank Ltd,VYSA0005900,110064015,VASANT VIHAR,"ING VYSYA BANK LIMITED, NO.2, POORVI MARG, VASANT VIHAR, NEW DELHI-110 057",,DELHI,NEW DELHI,DELHI
VYSA0005910,ING Vysya Bank Ltd,VYSA0005910,682064006,PALARIVATTOM,"VEERATH COMPLEX, PALARIVATTOM-COCHIN-682025",,KOCHI,ERNAKULAM,KERALA
VYSA0005920,ING Vysya Bank Ltd,VYSA0005920,110064016,GURGAON,"SCO NO.90, SHOPPING COMPLEX, SECTOR 22, GURGAON",,GURGAON,GURGAON,HARYANA
VYSA0005930,ING Vysya Bank Ltd,VYSA0005930,400064016,THANE,"BHUPALI SOCIETY, CITY SURVEY NO.2-B, TIKA NO.16, WARD NO.82, RAM MARUTI ROAD, THANE (WEST), NAUPADA, THANE - 400 602",,MUMBAI,GREATER MUMBAI,MAHARASHTRA
VYSA0005940,ING Vysya Bank Ltd,VYSA0005940,342064002,JODHPUR,"947 10TH D ROAD, SARDARPURA, JODHPUR -342001",,JODHPUR,JODHPUR,RAJASTHAN
VYSA0005950,ING Vysya Bank Ltd,VYSA0005950,0,SAMBALPUR,"KADAMBARI COMPLEX, UNIT 4, NAYA PARA, SAMBALPUR - 768001",,SAMBALPUR,DURG,CHHATTISGARH
VYSA0005960,ING Vysya Bank Ltd,VYSA0005960,700064008,KANKURGACHI,"P-182, GROUND FLOOR, C.I.T ROAD, SCHEME -VI (M), KAKURGACHI, KOLKATA - 7000054",,KOLKATA,KOLKATA,WEST BENGAL
VYSA0005970,ING Vysya Bank Ltd,VYSA0005970,144064001,JALANDHAR,ADJOINING SEKHON GRAND NAMDEV CHOWK G.T. ROAD JALANDHAR,,JALANDHAR,JALANDHAR,PUNJAB
VYSA0005990,ING Vysya Bank Ltd,VYSA0005990,282064002,AGRA,"UNIT NO.5 & 6, FRIENDS CENTRE, BLOCK 38/4B), SANJAY PLACE, AGRA",,AGRA,AGRA,UTTAR PRADESH
VYSA0006001,ING Vysya Bank Ltd,VYSA0006001,0,CMS MUMBAI,"NO 43 - A, 4TH FLOOR
MITTAL TOWERS, A WING
NARIMAN POINT
MUMBAI - 400001",,MUMBAI,GREATER MUMBAI,MAHARASHTRA
VYSA0006002,ING Vysya Bank Ltd,VYSA0006002,0,TSD MUMBAI,"MITTAL TOWERS, A WING
GROUND FLOOR, 210, NARIMAN POINT, MUMBAI - 400021.",,MUMBAI,GREATER MUMBAI,MAHARASHTRA
VYSA0006010,ING Vysya Bank Ltd,VYSA0006010,0,CHANGANCHEERY,"N.S.S TALUK UNION BUILDING, PERUNNA,CHANGANACHERRY - 682 102 KOTTAYAM DT.,KERALA",,CHANGANASSERY,KOTTAYAM,KERALA
VYSA0006020,ING Vysya Bank Ltd,VYSA0006020,0,SILIGURI,SILIGURI,,SILIGURI,DARJEELING,WEST BENGAL
VYSA0006030,ING Vysya Bank Ltd,VYSA0006030,0,RAIGARH,"FLAT NO.3435, KRISHNA SHOPPING MALL, CHAITANYA NAGAR, JAGATPUR ROAD, RAIGHAR 496001.",,RAIGARH,RAIGARH,CHHATTISGARH
VYSA0006040,ING Vysya Bank Ltd,VYSA0006040,263064202,RUDRAPUR,RUDRAPUR,,RUDRAPUR,UDHAMSINGH NAGAR,UTTARAKHAND
VYSA0006050,ING Vysya Bank Ltd,VYSA0006050,422064002,NASIK,"SHOP NO5, RUSHIRAJ HEIGHTS APARMENT, MAHATMA NAGAR, NASIK-422005",,NASIK,NASHIK,MAHARASHTRA
VYSA0006060,ING Vysya Bank Ltd,VYSA0006060,416064002,KOLHAPUR,"CENTRE -ONE C.S, NO.221,B/1A/2, E WARD, OPP.SASANCE GROUND, TARABAI PARK, KOLHAPUR 4160003",,KOLHAPUR,KOLHAPUR,MAHARASHTRA
VYSA0006070,ING Vysya Bank Ltd,VYSA0006070,0,SILVASSA,"JAINEEL COMPLEX, GROUND FLOOR, NAROLI ROAD, CHAR RASTA, NEAR DCB BANK, SILVASSA - 396230",,SILVASA,DADRA & NAGAR HAVELI,DADRA & NAGAR HAVELI
VYSA0006080,ING Vysya Bank Ltd,VYSA0006080,0,AHMEDNAGAR,"POPULAR PLYWOOD, GROUND FLOOR TILAK ROAD AHMEDNAGAR - 414001""",,AHMADNAGAR,AHMEDNAGAR,MAHARASHTRA
VYSA0006090,ING Vysya Bank Ltd,VYSA0006090,110064018,VIKASPURI,"C-596, VIAKASPURI, NDEW DELHI 110 018",,DELHI,NEW DELHI,DELHI
VYSA0006100,ING Vysya Bank Ltd,VYSA0006100,110064017,PUNJABI BAGH,"55, WEST AVENUE ROAD, PUNJABI BAGH, NEW DELHI 110 026",,DELHI,NEW DELHI,DELHI
VYSA0006110,ING Vysya Bank Ltd,VYSA0006110,110064021,"DWARAKA, DELHI","UNIT NO.G-01, G-03, G-4, G-5, G-06, CENTRIC PLAZA, SECTIOR XI (MLU), PKT-4, PLOT NO.8, DWARAKA, NEW DELHI",,DELHI,NEW DELHI,DELHI
VYSA0006120,ING Vysya Bank Ltd,VYSA0006120,110064020,ROHINI,"SHOP NO.G-57&G-59, AGGARWAL CITY PLAZA, MANGALAM PLACE, SECTOR-3, ROHINI, NEW DELHI - 110085",,NEW DELHI,NEW DELHI,DELHI
VYSA0006130,ING Vysya Bank Ltd,VYSA0006130,110064019,"GREEN PARK, DELHI","H/2, GREEN PARK EXTENSION, NEW DELHI -110 016",,DELHI,NEW DELHI,DELHI
VYSA0006140,ING Vysya Bank Ltd,VYSA0006140,110064028,"CIVIL LINES, DELHI","8C, (PART-B), RAIPUR ROAD, CIVIL LINES, NEW DELHI -110 054",,DELHI,NEW DELHI,DELHI
VYSA0006150,ING Vysya Bank Ltd,VYSA0006150,400064021,"BORIVALI, MUMBAI","SHOP NOS.3,4 & 5, ABHILASHA 2, PUNJABI LANE, BOARIVALI (WEST), MUMBAI -400092",,MUMBAI,GREATER MUMBAI,MAHARASHTRA
VYSA0006160,ING Vysya Bank Ltd,VYSA0006160,400064020,"JUHU, MUMBAI","GROUND FLOOR, 9/1, NUTAN CO-OP HOUSING SOCIETY LTD., KRISHNA KUNJ, NORTH SOUTH ROAD, 10, JUHU, MUMBAI - 400 049",,MUMBAI,GREATER MUMBAI,MAHARASHTRA
VYSA0006170,ING Vysya Bank Ltd,VYSA0006170,143064002,AMRITSAR,"J.K. TOWER, 49, THE MALL , AMRITSAR 143 001",,AMRITSAR,AMRITSAR,PUNJAB
VYSA0006180,ING Vysya Bank Ltd,VYSA0006180,243064003,DEHRA DUN,"69, RAJPURA ROAD, DEHRADUN - 248 001",,DEHRADUN,DEHRADUN,UTTARAKHAND
VYSA0006190,ING Vysya Bank Ltd,VYSA0006190,243064002,BAREILLY,"149, RADHA BHAWAN, CIVIL LINES, BAREILLY-243 001",,BAREILLY,BAREILLY,UTTAR PRADESH
VYSA0006200,ING Vysya Bank Ltd,VYSA0006200,247064002,SAHARANPUR,"MONGA COMPLEX, NEAR SHANTI EYE CLINIC, DELHI ROAD, SAHARANPUR",,SAHARANPUR,SAHARANPUR,UTTAR PRADESH
VYSA0006210,ING Vysya Bank Ltd,VYSA0006210,400064018,"MALAD, MUMBAI","SHOP NO.1 AND SHOP NO.101, ACCORD NIDHI, GROUND FLOOR, MALAD LINK ROAD, MALAD WEST, MUMBAI",,MUMBAI,GREATER MUMBAI,MAHARASHTRA
VYSA0006220,ING Vysya Bank Ltd,VYSA0006220,40064017,MULUND BRANCH,"UNIT NO.2,3 & 4, MARATHON MAX, MULUND - GOREGAON LINK ROAD, MULUND(W), MUMBAI - 400080 RUPENP@INGVYSYABANK.COM
",,MUMBAI,GREATER MUMBAI,MAHARASHTRA
VYSA0006230,ING Vysya Bank Ltd,VYSA0006230,0,MUZAFFARNAGAR,"31/6, SIDHARTH COLONY, ARYA SAMAJ ROAD, MUZAFFARNAGAR-251 002",,MUZAFFARPUR,MUZAFFARPUR,BIHAR
VYSA0006240,ING Vysya Bank Ltd,VYSA0006240,110064024,"DEFENCE COLONY, DELHI","B-58, DEFENCE COLONY, NEW DELHI -110 024",,DELHI,NEW DELHI,DELHI
VYSA0006250,ING Vysya Bank Ltd,VYSA0006250,682064001,RCC ERNAKULAM,"REGIONAL COLLECTION CENTRE
I FLOOR,  SHEMA BUILDING
RAVIPURAM
ERNAKULAM 682 016
",,ERNAKULAM,ERNAKULAM,KERALA
VYSA0006260,ING Vysya Bank Ltd,VYSA0006260,110064022,"EAST KAILASH, DELHI","E-220 & 221, EAST OF KAILASH, NEW DELHI -110 065",,DELHI,NEW DELHI,DELHI
VYSA0006280,ING Vysya Bank Ltd,VYSA0006280,781064002,GUWAHATI,"GROUND FLOOR, MAYUR GARDEN, G S ROAD, GUWAHATI - 781 005",,GUWAHATI,KAMRUP,ASSAM
VYSA0006290,ING Vysya Bank Ltd,VYSA0006290,0,ROURKELA,"GROUND FLOOR,PRAFUL TOWERS,PANPOSH ROAD,ROURKELA-769004.",,RAURKELA,SUNDERGARH,ORISSA
VYSA0006300,ING Vysya Bank Ltd,VYSA0006300,400064019,"LOKHANDWALA, ANDHERI (W), MUMBAI","BASEMENT & GROUND FLOOR, SHOP NO.3,4 &5, SUNSHINE BUILDING NO.T-39, SHASTRINAGAR, ANDHERI WEST, MUMBAI-400 053",,MUMBAI,GREATER MUMBAI,MAHARASHTRA
VYSA0006310,ING Vysya Bank Ltd,VYSA0006310,110064023,"PREET VIHAR, DELHI","F-22, PREET VIHAR {VIKAS MARG} NEW DELHI-110 092",,DELHI,NEW DELHI,DELHI
VYSA0006320,ING Vysya Bank Ltd,VYSA0006320,400064022,DOMBIVALI,"RIDHI SIDHI BUILDING, MALYIA ROAD, OPP. BODAS, MANGAL KALYALA, DOMBIVILI (E), MUMBAI - 421 201",,DOMBIVLI,THANE,MAHARASHTRA
VYSA0006330,ING Vysya Bank Ltd,VYSA0006330,400064023,KALYAN,"BASEMENT AND GROUND FLOOR BEARING IN J.B. TOWERS, GROUND FLOOR, VILLAGE CHIKANGHAR, NEAR BIRLA COLLEGE, KALYAN TALUKA, MUMBAI-421 301",,KALYAN,THANE,MAHARASHTRA
VYSA0006340,ING Vysya Bank Ltd,VYSA0006340,110064025,SHAKARPUR,"U-182/A, VIKAS MARG, SHAKARPUR, DELHIHI-110 092",,SHAKARPUR,NEW DELHI,DELHI
VYSA0006350,ING Vysya Bank Ltd,VYSA0006350,0,ASANSOL,"GROUND FLOOR, PARVATHI SHOPPING ARCADE,  BLOCK NO. B, BETWEEN DOMHANI ROAD AND G.T. ROAD,  ASANSOL - 713 301",,ASANSOL,BARDHAMAN,WEST BENGAL
VYSA0006360,ING Vysya Bank Ltd,VYSA0006360,0,DURGAPUR,"A-3, NANDA LAL BITHI, CITY CENTRE, DURGAPUR - 713 216",,DURGAPUR,BARDHAMAN,WEST BENGAL
VYSA0006370,ING Vysya Bank Ltd,VYSA0006370,0,BILASPUR,"SARVA MANGALA MOTORS, SUZUKI SHOWROOM, NEAR MANGARPARA CHOWK, OPP. KIMS HOSPITAL, BILASPUR - 495 001",,BILASPUR,BILASPUR,CHHATTISGARH
VYSA0006380,ING Vysya Bank Ltd,VYSA0006380,700064009,HAORA,"GROUND FLOOR, KRISHNA ENCLAVE, 2/1,  BHAJAN LAL LOHIA LANE (NEAR HOWRAH AC MARKET, HOWRAH-711 101",,HOWRAH,HOWRAH,WEST BENGAL
VYSA0006390,ING Vysya Bank Ltd,VYSA0006390,834064002,RANCHI,"GROUND FLOOR, SHOP NO. 1 & 2, RANCHI CLUB SHOPPING COMPLEX,  5, MAIN ROAD, RANCHI - 834 001",,RANCHI,RANCHI,JHARKHAND
VYSA0006400,ING Vysya Bank Ltd,VYSA0006400,UDAIPUR,UDAIPUR,"WEST END, COMMERCIAL COMPLEX, 20, RESIDENCY ROAD, UDAIPUR",,UDAIPUR,UDAIPUR,RAJASTHAN
VYSA0006410,ING Vysya Bank Ltd,VYSA0006410,0,RAIPUR,"PLOT NO.14, CIVIL LINE WARD, NEAR GANDHI UDYAN, G.E. ROAD, NH6, RAIPUR - 492 001",,RAIPUR,RAIPUR,CHHATTISGARH
VYSA0006420,ING Vysya Bank Ltd,VYSA0006420,NA,MANI MAJRA,"SCO-830, NAC, MANIMAJRA, CHANDIGARH - 160 101",,CHANDIGARH,CHANDIGARH,PUNJAB
VYSA0006430,ING Vysya Bank Ltd,VYSA0006430,0,MORADABAD,"PLOT NO.35, AWAS VIKAS, CIVIL LINE, KANTH ROAD, MORADABAD (UP)",,MORADABAD,MORADABAD,UTTAR PRADESH
VYSA0006440,ING Vysya Bank Ltd,VYSA0006440,APPLIED FOR,SONBHADRA,"GROUND FLOOR, CIVIL LINES ROAD, OPP. SAINT XAVIER SCHOOL, ROBERTS GANJ, SONBHADRA-231216",,SONBHADRA,SONBHADRA,UTTAR PRADESH
VYSA0006450,ING Vysya Bank Ltd,VYSA0006450,110064026,SURAJPUR,"OPP: PRIYA GOLD FACTORY, MAIN DADRI ROAD, SURAJPUR -201 306",,SURAJPUR,GAUTAM BUDDHA NAGAR,UTTAR PRADESH
VYSA0006460,ING Vysya Bank Ltd,VYSA0006460,110064027,JANAKPURI DELHI,"PLOT,NO,130,LAL,SAI,MANDIR,MARG,JANAKPURI,NEW,DELHI,110,058",,DELHI,DELHI,DELHI
VYSA0006470,ING Vysya Bank Ltd,VYSA0006470,0,SATARA,"509 - B1/2, SADAR BAZAR, OPP. COLLECTOR OFFICE, NEAR LIC BUILDING, SATARA - 415 001",,SATARA,SATARA,MAHARASHTRA
VYSA0006480,ING Vysya Bank Ltd,VYSA0006480,411064004,PUNE-CHINCHIWAD,"SHOP NOS.9 TO 13, GROUND FLOOR, EMPIRE ESTATE, CTS NO.4510/1, BOMAY PUNE ROAD, NEXT TO GARWARE NYLONS CHINCHWAD, PUNE -411 019",,PIMPRI CHINCHWAD,PUNE,MAHARASHTRA
VYSA0006490,ING Vysya Bank Ltd,VYSA0006490,0,ALLAHABAD,"5 F / 1, LAL BAHADUR SHASTRI MARG, CIVIL LINES, ALLAHABAD -211 001",,ALLAHABAD,ALLAHABAD,UTTAR PRADESH
VYSA0006500,ING Vysya Bank Ltd,VYSA0006500,110064001,RCC NEW DELHI,"2214-15, HARDHYAN SINGH ROAD, KAROL BAGH, NEW DELHI - 110 005",,DELHI,NEW DELHI,DELHI
VYSA0006501,ING Vysya Bank Ltd,VYSA0006501,0,CMS DELHI,"NO 2214 - 15, HARIDHAN SINGH ROAD
KAROLBAGH, NEW DELHI - 110005",,DELHI,NEW DELHI,DELHI
VYSA0006510,ING Vysya Bank Ltd,VYSA0006510,0,DHARAMPUR,"MODERN DHABA, DHARAMPUR - 173209, SOLAN DIST, HP",,DHARAMPUR,SHIMLA,HIMACHAL PRADESH
VYSA0006520,ING Vysya Bank Ltd,VYSA0006520,0,GORAKHPUR,"7, PARK ROAD, GORAKHPUR - 273 001",,GORAKHPUR,GORAKPUR,UTTAR PRADESH
VYSA0006530,ING Vysya Bank Ltd,VYSA0006530,0,JALGAON,"88, VISHNU VILLA HOUSING SOCIETY, OPP. NUTAN MARATHA COLLEGE, JALAGAON -425 001",,JALGAON,JALGAON,MAHARASHTRA
VYSA0006540,ING Vysya Bank Ltd,VYSA0006540,NON MICR,JAMMU,GROUND FLOOR GUPTA'S TOWERS CB-13 RAIL HEAD COMPLEX RAILWAY ROAD BAHU PLAZA JAMMU - 180 012,,JAMMU,JAMMU,JAMMU & KASHMIR
VYSA0006550,ING Vysya Bank Ltd,VYSA0006550,NON-MCIR,KARUR,"125/A, OLD BYE PASS ROAD, TS NO. 3027/1, BLOCK NO.56, WARD NO.1, KARUR - 639 001",,KARUR,KARUR,TAMIL NADU
VYSA0006560,ING Vysya Bank Ltd,VYSA0006560,0,KOTHA GUDEM,"6-42, GROUND FLOOR, LAKSHMIDEVIPALLE, M.G. ROAD, KOTHAGUDEM - 507 101",,KOTHAGUDEM,KHAMMAM,ANDHRA PRADESH
VYSA0006570,ING Vysya Bank Ltd,VYSA0006570,NON MICR,MATHURA,"64/372 & 373 DAMPIER NAGAR MATHURA  281001, UP",,MATHURA,MATHURA,UTTAR PRADESH
VYSA0006580,ING Vysya Bank Ltd,VYSA0006580,0,PEDANANDIPADU,"GROUND FLOOR, NO.8/96 & 8/97, PEDANAIDUPADU, GUNTUR DIST., 522 235",,PEDANANDIPADU,GUNTUR,ANDHRA PRADESH
VYSA0006590,ING Vysya Bank Ltd,VYSA0006590,0,THODUPUZHA,"GROUND FLOOR, WARD NO.9, PALA ROAD, CHOORAPUZHA TOWERS, THODUPUZHA - 685 584",,THODUPUZHA,IDUKKI,KERALA
VYSA0006600,ING Vysya Bank Ltd,VYSA0006600,400064025,GHATKOPAR MUMBAI,SHOP NO. 1 TO 4 MANJU APARTMENT R.B. METHA MARG GHATKOPAR EAST MUMBAI - 400 077,,MUMBAI,GREATER MUMBAI,MAHARASHTRA
VYSA0006610,ING Vysya Bank Ltd,VYSA0006610,NON-MCIR,MUZAFFARPUR,"GROUND FLOOR, ZILLA SCHOOL MAIN ROAD, RAMNA II, MUZAFFAPUR - 842 002",,MUZAFFARPUR,MUZAFFARPUR,BIHAR
VYSA0006630,ING Vysya Bank Ltd,VYSA0006630,226211005,MAPUSA,KAVLEKAR TOWERS ANSABHAT NEAR POLICE STATION MAPUSA GOA,,PANAJI,PANAJI,GOA
VYSA0006650,ING Vysya Bank Ltd,VYSA0006650,400064024,FORT,"DOSSA MANSION  GROUND FLOOR  NO 61 SIR P  M ROAD  NEAR  RBI , FORT ,MUMBAI 400001",,MUMBAI,MUMBAI,MAHARASHTRA
VYSA0006670,ING Vysya Bank Ltd,VYSA0006670,160064003,MOHALI,SCO 537 SECTOR -70 MOHALI -160 070,,SAS NAGAR(MOHALI),RUPNAGAR,PUNJAB
VYSA0006680,ING Vysya Bank Ltd,VYSA0006680,,CUTTACK2,PANTHANIVAS BUXIBAZAR CUTTACK 753001,,CUTTACK,CUTTACK,ORISSA
VYSA0006690,ING Vysya Bank Ltd,VYSA0006690,600064018,KILPAUK CHENNAI,155/68 MILLERS ROAD KILPAUK CHENNAI-600010,,CHENNAI,CHENNAI,TAMIL NADU
VYSA0006700,ING Vysya Bank Ltd,VYSA0006700,380064003,MANINAGAR,SHOP NO.1 1A 2 & 4 KESAR KUNJ KRISHNA BAUGH CROSS ROAD MANINAGAR AHMEDABAD - 380 008,,AHMADABAD,AHMADABAD,GUJARAT
VYSA0006710,ING Vysya Bank Ltd,VYSA0006710,226064003,GOMTINAGAR LUCKNOW,4/34 VIVEK KHAND GOMTINAGAR LUCKNOW - 226 002,,LUCKNOW,LUCKNOW,UTTAR PRADESH
VYSA0006720,ING Vysya Bank Ltd,VYSA0006720,NON MICR,SALT LAKE KOLKATA,AB-3 GROUND FLOOR SALT LAKE CITY SECTOR -1 KOLKATA - 700 064,,KOLKATA,KOLKATA,WEST BENGAL
VYSA0006730,ING Vysya Bank Ltd,VYSA0006730,NON MICR,BODAKDEV,SHOP NO.1 & 2 GROUND FLOOR PARSWA TOWER NEAR PAKWAN - II S G ROAD BODAKDEV - 380 054,,BODAKDEV,AHMADABAD,GUJARAT
VYSA0006740,ING Vysya Bank Ltd,VYSA0006740,110064029,GOLF COURSE GURGAON,UNIT NO. G-01 SUNCITY BUSINESS TOWER SECTOR-54 GOLF COURSE ROAD GURGAON - 122 002,,GURGAON,GURGAON,HARYANA
VYSA0006750,ING Vysya Bank Ltd,VYSA0006750,395064001,RCC SURAT,"1420, RAJHANS COMPLEX, OPP J.K TOWERS, NEAR MAJURA GATE, SAGRAMPURA POST, RING ROAD SURAT - 395002. GUJARAT STATE.",,SURAT,SURAT,GUJARAT
VYSA0006760,ING Vysya Bank Ltd,VYSA0006760,147064002,PATIALA,"103, 104, LEELA BHAWAN, PATIALA - 147 001",,PATIALA,PATIALA,PUNJAB
VYSA0006770,ING Vysya Bank Ltd,VYSA0006770,NON MICR,BARBIL,"HOTEL PRACHI COMPLEX, OPP. BUS STAND, WARD NO.9, MAIN ROAD, BARBIL - 758 035",,BARBIL,KEONJHAR,ORISSA
VYSA0006780,ING Vysya Bank Ltd,VYSA0006780,400064032,"KHANDIVALI (E), MUMBAI","SHOP NO.110 TO 112, EVER SHINES MILLENIUM PARADISE, THAKUR VILLAGE, KHANDIVALI (E),  GREATER MUMBAI (M. CORPORATION), MUMBAI - 400 101",,MUMBAI,GREATER BOMBAY,MAHARASHTRA
VYSA0006790,ING Vysya Bank Ltd,VYSA0006790,400064026,"BKC, MUMBAI","C-12, G BLOCK, BANDRA KURLA COMPLEX, BANDRA (E), MUMBAI - 400051",,MUMBAI,MUMBAI,MAHARASHTRA
VYSA0006800,ING Vysya Bank Ltd,VYSA0006800,226064004,"ALAMBAGH, LUCKNOW","UPPER GROUND FLOOR, BASANT TOWER, KHASRA NO.827/3, 826/16A, 826/25A, KANSUI, SHEH NAGAR WARD, GURU NANAK NAGAR, LUCKNOW DISTRICT, LUCKNOW",,LUCKNOW,LUCKNOW,UTTAR PRADESH
VYSA0006810,ING Vysya Bank Ltd,VYSA0006810,NON MICR,VILEPARLE,PLOT NO 5 GLADIOLA BLDG HANUMAN ROAD VILEPARL E MUMBAI400057,,GREATER MUMBAI,GREATER MUMBAI,MAHARASHTRA
VYSA0006820,ING Vysya Bank Ltd,VYSA0006820,NON MICR,ALIGARH,GAYATRI PLAZA LAXMI BAI MARG CROSSING MARRIS ROAD ALIGHAR 202001,,ALIGARH,ALIGARH,UTTAR PRADESH
VYSA0006830,ING Vysya Bank Ltd,VYSA0006830,NON MICR,SHAHDRA CBD,D BLOCK ADITYA MALL CBD  SHAHDRA  DELHI  NORTH EAST DISTRICT DELHI-110032,,SHAHDRA  CBD,DELHI,DELHI
VYSA0006840,ING Vysya Bank Ltd,VYSA0006840,NON MICR,SOHNA RAOD,UNIT NO 8 GROUND FLOOR VATIKA BUSINESS  PARK  SOHANA ROAD -GURGAON HARYANA,,SOHAN RAOD,GURGAON,HARYANA
VYSA0006850,ING Vysya Bank Ltd,VYSA0006850,490 064 002,BHILAI NAGAR,"BLOCK NO. 36, PLOT 3, NEHRU NAGAR (EAST),  BHILAI - 490 020",,BHILAI NAGAR,DURG,CHHATTISGARH
VYSA0006860,ING Vysya Bank Ltd,VYSA0006860,700064011,GARIA,AB 3 SECTOR 1 SALT LAKE KOLKATA,,GARIA,SOUTH 24 PARGANAS,WEST BENGAL
VYSA0006870,ING Vysya Bank Ltd,VYSA0006870,NON MICR,JAMNAGAR,SHOP NO 2 KUBER  COMPLEX  BESIDE AXIS BANK PARK COLONY  MAIN ROAD NEAR JOGGERS PARK  JAMNAGAR DIST  JAMNAGAR 361008,,JAMNAGAR,JAMNAGAR,GUJARAT
VYSA0006880,ING Vysya Bank Ltd,VYSA0006880,NON MICR,KALYANI NAGAR,"SHOP BEARING NO.S 2,3,4 &5 F  COMMERCIAL BLD KALYANNINAGAR PUNE DISTRICT PUNE 411013",,PUNE,PUNE,MAHARASHTRA
VYSA0006890,ING Vysya Bank Ltd,VYSA0006890,NON MICR,VARACHA,NO18-E  WARD NO 362/1 PAIKI MINIBAZAR VARACHA MAIN RAOD OPP J D RESTAURENT VARACHA  SURAT 395006,,SURAT,SURAT,GUJARAT
VYSA0006900,ING Vysya Bank Ltd,VYSA0006900,NON MICR,JUHU TARA ROAD,SHREEKUNJ  PLOT NO 30-A JUHU TARA RAOD SANTACRUZ WEST MUMBAI -400054,,MUMBAI,GREATER MUMBAI,MAHARASHTRA
VYSA0006910,ING Vysya Bank Ltd,VYSA0006910,APPLIED FOR,"BALLYGUNGE, KOLKATA","GROUND FLOOR, ""DEVALAYA"", 3 A, GARIAHAT ROAD, KOLKATA - 700 019",,KOLKATA,KOLKATA,WEST BENGAL
VYSA0006920,ING Vysya Bank Ltd,VYSA0006920,APPLIED FOR,"CUFFE PARADE, MUMBAI","NO.625, G.D.SOMANI MEMORIAL SCHOOL,
G.D.SOMANI MARG,
CUFFE PARADE,
MUMBAI  400 005
",,MUMBAI,GREATER BOMBAY,MAHARASHTRA
VYSA0006930,ING Vysya Bank Ltd,VYSA0006930,400064030,"SAKI VIHAR ROAD, ANDHERI (E), MUMBAI","UNIT NO. 2 & 3, HYDE PARK, OFF SAKI VIHAR ROAD, ANDHERI (E), MUMBAI - 400 072",,MUMBAI,GREATER BOMBAY,MAHARASHTRA
VYSA0006940,ING Vysya Bank Ltd,VYSA0006940,400064031,KHANDIVALI ( WEST) MUMBAI,"SHOP NO 2 & 3, SHOP NO.1 PARTLY, ARKADE BHOOMI HEIGHTS, M.G. ROAD, DHANUKARWADI, KHANDIVALI  (WEST), MUMBAI DISTRICT, MUMBAI - 400 067",,MUMBAI,GREATER BOMBAY,MAHARASHTRA
VYSA0006950,ING Vysya Bank Ltd,VYSA0006950,400064035,"LOWER PAREL, MUMBAI","SHOP NO.1, AUM SAHEEL TOWER, KASHINATH DHURU COMPOUND, OPP. KAMALA MILLS, S.B. MARG, LOWER PAREL, MUMBAI - 400 080",,MUMBAI,GREATER BOMBAY,MAHARASHTRA
VYSA0006960,ING Vysya Bank Ltd,VYSA0006960,APPLIED FOR,MINTO PARK,"THE MILLENIUM, SHOP NO.6, GROUND FLOOR, 235/ 2 A, ACHARYA JAGDISH CHANDRA BOSE ROAD, KOLKATA - 700 020",,KOLKATA,KOLKATA,WEST BENGAL
VYSA0006970,ING Vysya Bank Ltd,VYSA0006970,APPLIED FOR,"C.P. TANK, MUMBAI","SHOP NO.1 TO 5, 101 TO 104 143/145 EARTH CASTLE, V.P. ROAD, MUMBAI - 400 007",,MUMBAI,GREATER BOMBAY,MAHARASHTRA
VYSA0006980,ING Vysya Bank Ltd,VYSA0006980,400064029,ULHASNAGAR,"KOMAL PARK APARTMENT, SHOP NO.1, GOAL MAIDAN, ULHASNAGAR - 421 001",,ULHASNAGAR,THANE,MAHARASHTRA
VYSA0006990,ING Vysya Bank Ltd,VYSA0006990,400064034,MAHIM,"SHOP NO. 2 & 3, MANGIRISH, 520 LADY JAMSHEDJI ROAD, MAHIM WEST, MUMBAI - 400 016",,MUMBAI,GREATER BOMBAY,MAHARASHTRA
VYSA0007000,ING Vysya Bank Ltd,VYSA0007000,500064007,SARDAR PATEL ROAD,"1-7, I.T. SUBBARAMI REDDY COMPLEX, SARDAR PATEL ROAD SECUNDERABAD - 500003.",,SECUNDERABAD CANTONMENT,HYDERABAD URBAN,ANDHRA PRADESH
VYSA0007007,ING Vysya Bank Ltd,VYSA0007007,0,TFU HYDERABAD,1-7-1 T.SUBBARAMI REDDY COMPLEX SARDAR PATEL ROAD SECUNDERABAD - 500 003,,HYDERABAD,HYDERABAD URBAN,ANDHRA PRADESH
VYSA0007010,ING Vysya Bank Ltd,VYSA0007010,506064007,MADIKONDA,"1-4-75, IST FLOOR, SIVALAYAM STREET, KAZIPET - 506003",,MADIKONDA,WARANGAL,ANDHRA PRADESH
VYSA0007040,ING Vysya Bank Ltd,VYSA0007040,515064602,YENUMALAPALLY,"46, MAIN ROAD, YENUMULAPALLY PUTTAPARTHI - 515134.",,PUTTAPARTHI,ANANTPUR,ANDHRA PRADESH
VYSA0007050,ING Vysya Bank Ltd,VYSA0007050,520064007,SATYANARAYANAPURAM,"N.R.P.ROAD, SATYANARAYANAPURAM, KRISHNA DIST VIJAYAWADA - 520011.",,VIJAYAWADA,KRISHNA,ANDHRA PRADESH
VYSA0007060,ING Vysya Bank Ltd,VYSA0007060,0,G.KOTHAPALLE,1/32 VIA LAKKAVARAM G.KOTHAPALLI - 534 451,,G.KOTHAPALLE,WEST GODAVARI,ANDHRA PRADESH
VYSA0007080,ING Vysya Bank Ltd,VYSA0007080,503064202,ARMOOR,"1-2-36, HASAN BAD LOCALITY, SHASTRI NAGAR, ARMOOR- 503224",,ARMOOR,NIZAMABAD,ANDHRA PRADESH
VYSA0007090,ING Vysya Bank Ltd,VYSA0007090,535064102,VIZIANAGARAM,"D.NO.6-1-4, HAJI SHARIEF STREET VIZIANAGARAM - 535001.",,VIZIANAGARAM,VIZIANAGARAM,ANDHRA PRADESH
VYSA0007100,ING Vysya Bank Ltd,VYSA0007100,0,KONIJEDU,"THOKALA CHINA VENKAIAH BUILDING, KONIJEDU - 523272 TANGUTUR MANDAL, PRAKASHAM DISTRICT",,KONIJEDU,PRAKASAM,ANDHRA PRADESH
VYSA0007110,ING Vysya Bank Ltd,VYSA0007110,0,MUTCHKUR,NO.6-79/1 NEAR BUS STAND MUCHKUR - 503 307,,MUTCHKUR,NIZAMABAD,ANDHRA PRADESH
VYSA0007120,ING Vysya Bank Ltd,VYSA0007120,0,NANDIGAMA,"WARD. NO. 9, 1ST FLOOR, MAIN BAZAR, RAGHAVENDRA RADHA KRISHNA COMPLEX, NANDIGAMA - 521185",,NANDIGAMA,KRISHNA,ANDHRA PRADESH
VYSA0007130,ING Vysya Bank Ltd,VYSA0007130,0,GUTTENADEEVI,"1-147, MAIN ROAD, (VIA) YANAM, GUTTENADEEVI - 533464",,GUTTINADEEVIVE,EAST GODAVARI,ANDHRA PRADESH
VYSA0007140,ING Vysya Bank Ltd,VYSA0007140,0,PRODDATUR,"8/3-4-5, GANDHI ROAD PRODDATUR - 516360.",,PRODDATUR,CUDDAPAH,ANDHRA PRADESH
VYSA0007150,ING Vysya Bank Ltd,VYSA0007150,0,PADKAL,8-56 57 &58 PADKAL - 503 178,,PADKAL,NIZAMABAD,ANDHRA PRADESH
VYSA0007160,ING Vysya Bank Ltd,VYSA0007160,530064004,GAJUWAKA,"DOOR NO.16-89-9, OLD GAJUWAKA, NH.5 ROAD GAJUWAKA - 530026.",,GAJUWAKA,VISHAKAPATNAM,ANDHRA PRADESH
VYSA0007170,ING Vysya Bank Ltd,VYSA0007170,506064003,HANUMAKONDA,"P.B.NO.4, CHOWRASTA HANUMAKONDA, WARANGAL DIST A.P - 506011.",,WARANGAL,WARANGAL,ANDHRA PRADESH
VYSA0007180,ING Vysya Bank Ltd,VYSA0007180,0,PONNUR,"17-3-1 SPP ROAD, GUNTUR -DIST PONNUR - 522124",,PONNUR,GUNTUR,ANDHRA PRADESH
VYSA0007190,ING Vysya Bank Ltd,VYSA0007190,0,KAVALI,"-20-14, RAILWAYS ROAD, KAVALI - 524201",,KAVALI,NELLORE,ANDHRA PRADESH
VYSA0007200,ING Vysya Bank Ltd,VYSA0007200,0,AMALAPURAM,"DOOR. NO. 3-2-112, K N F ROAD, K. AGRAHARAM, AMALAPURAM - 533201",,AMALAPURAM,EAST GODAVARI,ANDHRA PRADESH
VYSA0007210,ING Vysya Bank Ltd,VYSA0007210,0,DHARMASAGAR,DHARMASAGAR - 506 141,,DHARMASAGAR,WARANGAL,ANDHRA PRADESH
VYSA0007220,ING Vysya Bank Ltd,VYSA0007220,0,WEST VIPPARRU,RAJULA VEEDHI WEST VIPPARRU - 534 166,,WEST VIPPARRU,WEST GODAVARI,ANDHRA PRADESH
VYSA0007230,ING Vysya Bank Ltd,VYSA0007230,0,RANGAPURAM,"ARDHAVEEDU MANDALAM, RANGAPURAM - 523 333",,RANGAPURAM,PRAKASAM,ANDHRA PRADESH
VYSA0007240,ING Vysya Bank Ltd,VYSA0007240,0,REDDIPALLY,1/8 D MAIN ROAD VIA NALLAMADA MANDAL REDDIPALLY - 515 501,,REDDIPALLE,ANANTPUR,ANDHRA PRADESH
VYSA0007250,ING Vysya Bank Ltd,VYSA0007250,0,ANNAVARAM,BUKKAYAPALLI ROAD VIA.KHADERABAD ANNAVARAM - 516 362,,ANNAVARAM,CUDDAPAH,ANDHRA PRADESH
VYSA0007260,ING Vysya Bank Ltd,VYSA0007260,0,KONDAKAVURU,YEKKALA VARI PALEM KATTUBADIVARIPALEM POST (VIA) KAVUR KONDAKAVURU - 522 611,,NARSARAOPET,GUNTUR,ANDHRA PRADESH
VYSA0007280,ING Vysya Bank Ltd,VYSA0007280,530064008,VENKOJIPALEM,"206/4, MVP DOUBLE ROAD VISHAKAPATNAM - 530017.",,VISAKHAPATNAM,VISHAKAPATNAM,ANDHRA PRADESH
VYSA0007290,ING Vysya Bank Ltd,VYSA0007290,534064102,TADEPALLIGUDAM,"2-1-37, WARD NO.6, IST FLOOR, AJANTA COMPLEX, MAIN ROAD, TADEPALLIGUDEM -534101",,TADEPALLIGUDEM,WEST GODAVARI,ANDHRA PRADESH
VYSA0007300,ING Vysya Bank Ltd,VYSA0007300,500064008,KUKATAPALLY,"6-21/A, IST FLOOR, KUKATAPALLY HYDERABAD - 500072.",,HYDERABAD,HYDERABAD URBAN,ANDHRA PRADESH
VYSA0007310,ING Vysya Bank Ltd,VYSA0007310,500064009,MALKAJGIRI,"IST FLOOR, 5-5, MALKAJGIRI HYDERABAD - 500047.",,HYDERABAD,HYDERABAD URBAN,ANDHRA PRADESH
VYSA0007320,ING Vysya Bank Ltd,VYSA0007320,500064010,UPPAL,"18-34 & 35, AMINA COMPLEX OPP SURVEY OF INDIA, UPPAL, HYDERABAD - 500039.",,HYDERABAD,HYDERABAD URBAN,ANDHRA PRADESH
VYSA0007322,ING Vysya Bank Ltd,VYSA0007322,500064030,UPPAL EC,"PRINCETON DEGREE COLLEGE OF SCIENCE & COMMERCE, 
3-9-29, SHARADA NAGAR, RAMANTHAPUR, 
HYDERABAD-500 013",,HYDERABAD,HYDERABAD URBAN,ANDHRA PRADESH
VYSA0007330,ING Vysya Bank Ltd,VYSA0007330,500064011,VANASTHALIPURAM,"PLOT NO.6, S.F.COLONY VANASTHALIPURAM HYDERABAD - 500070.",,HYDERABAD,HYDERABAD URBAN,ANDHRA PRADESH
VYSA0007331,ING Vysya Bank Ltd,VYSA0007331,500064021,LOYOLA MODEL HS EC,"LOYALA MODEL HIGH SCHOOL, 
6-62, MIG, PHASE-1, VANASTHALIPURAM, 
HYDERABAD-500 070",,HYDERABAD,HYDERABAD URBAN,ANDHRA PRADESH
VYSA0007340,ING Vysya Bank Ltd,VYSA0007340,508064102,MIRIYALAGUDA,"ASHOK NAGAR, SAGAR ROAD, MIRYALAGUDA - 508207 NALGONDA DIST",,MIRYALGUDA,NALGONDA,ANDHRA PRADESH
VYSA0007350,ING Vysya Bank Ltd,VYSA0007350,504064202,MANCHERIAL,"GROUND FLOOR , NEAR VEGETABLE MARKET, MANCHERIAL - 504208 ADILABAD DIST",,MANCHERIYAL,ADILABAD,ANDHRA PRADESH
VYSA0007360,ING Vysya Bank Ltd,VYSA0007360,0,PALAMNER,"15/105.KAMASALA STREET, PALAMANER - 517408",,CHITTOOR,CHITTOR,ANDHRA PRADESH
VYSA0007370,ING Vysya Bank Ltd,VYSA0007370,500064016,BANJARA HILLS,"8-2-120/76/1/B, ROAD NO 2 ASHOKA HI TECH CHAMBERS BANJARA HILLS HYDERABAD - 500034.",,HYDERABAD,HYDERABAD URBAN,ANDHRA PRADESH
VYSA0007380,ING Vysya Bank Ltd,VYSA0007380,533064003,BHANGUDI CENTRE,"2-31-6, BRINDAVAN ROAD, BHANUGUDI, KAKINADA - 533003.",,KAKINADA,EAST GODAVARI,ANDHRA PRADESH
VYSA0007400,ING Vysya Bank Ltd,VYSA0007400,520064004,GAYATRI NAGAR,"D.NO.59-13-39, PINNAMANENI POLY CLINIC ROAD, GAYATRI NAGAR VIJAYAWADA - 520008",,VIJAYAWADA,KRISHNA,ANDHRA PRADESH
VYSA0007410,ING Vysya Bank Ltd,VYSA0007410,533064402,RAMACHANDRAPURAM,"MAIN ROAD, RAMACHANDRA PURAM- 533253",,RAMACHANDRAPURAM,EAST GODAVARI,ANDHRA PRADESH
VYSA0007420,ING Vysya Bank Ltd,VYSA0007420,530064006,RAM NAGAR,"10-54-7, RAMNAGAR, WALTAIR MAIN ROAD, VISHAKAPATNAM - 530002.",,VISAKHAPATNAM,VISHAKAPATNAM,ANDHRA PRADESH
VYSA0007430,ING Vysya Bank Ltd,VYSA0007430,500064013,SAROOR NAGAR,"SAROORNAGAR BRANCH, HUDA COMPLEX, H. NO. 7-130 (OPP R.R DIST COURTS) SAROOR NAGAR HYDERABAD - 500035.",,HYDERABAD,HYDERABAD URBAN,ANDHRA PRADESH
VYSA0007440,ING Vysya Bank Ltd,VYSA0007440,500064018,BOWNEPALLY,BRIGADE SAYED ROAD BOWENPALLY SECUDERABAD - 500009.,,SECUNDERABAD CANTONMENT,HYDERABAD URBAN,ANDHRA PRADESH
VYSA0007450,ING Vysya Bank Ltd,VYSA0007450,500064017,HIMAYAT NAGAR,"3-6-140, HIMAYATNAGAR HYDERABAD - 500029.",,HYDERABAD,HYDERABAD URBAN,ANDHRA PRADESH
VYSA0007460,ING Vysya Bank Ltd,VYSA0007460,515064003,RAMACHANDRA NAGAR,"13 - 336 - A, GROUND FLOOR, RAMACHANDRA NAGAR, ANANTAPUR-515001",,ANANTAPUR,ANANTPUR,ANDHRA PRADESH
VYSA0007470,ING Vysya Bank Ltd,VYSA0007470,506064005,SUBEDARI,"SUBEDARI BRANCH, LOYAL ARCADE, 1ST FLOOR HANUMAKONDA - 506001. WARANGAL DIST, A.P",,WARANGAL,WARANGAL,ANDHRA PRADESH
VYSA0007480,ING Vysya Bank Ltd,VYSA0007480,0,KOTHAVALASA,"6-76, 5TH WARD, GROUND FLOOR, KOTHAVALASA - 535183",,KOTHAVALASA,VIZIANAGARAM,ANDHRA PRADESH
VYSA0007490,ING Vysya Bank Ltd,VYSA0007490,506064004,S V N ROAD,"DOOR NO.13-8-1 TO 5 PAPAIAHPET CHAMAM S.V.N ROAD, WARANGAL - 506002.",,WARANGAL,WARANGAL,ANDHRA PRADESH
VYSA0007500,ING Vysya Bank Ltd,VYSA0007500,500064012,RCC HYDERABAD,"3-6-438/5/6, 5TH FLOOR, NASAPUR HOUSE, HIMAYAT NAGAR, HYDERABAD - 500029",,HYDERABAD,HYDERABAD URBAN,ANDHRA PRADESH
VYSA0007501,ING Vysya Bank Ltd,VYSA0007501,0,CMS HYDERABAD,"TARAMANGAL COMPLEX
ROOM NO 603&604
HOUSE NO 5-9-13, 6TH FLOOR
SECRETARIAT ROAD, HIMAYATNAGAR
SAIFABAD, HYDERABAD - 500004",,HYDERABAD,HYDERABAD URBAN,ANDHRA PRADESH
VYSA0007510,ING Vysya Bank Ltd,VYSA0007510,520064005,LABBIPET,"39-1-89, IST FLOOR, KALYAN COMPLEX, M.G ROAD, LABBIPET BRANCH, VIJAYAWADA - 520010.",,VIJAYAWADA,KRISHNA,ANDHRA PRADESH
VYSA0007520,ING Vysya Bank Ltd,VYSA0007520,530064005,LALITHA NAGAR,"DOOR NO: 49-4-7/2, GROUND FLOOR, LALITHA NAGAR, VISHAKAPATNAM - 530016",,VISAKHAPATNAM,VISHAKAPATNAM,ANDHRA PRADESH
VYSA0007530,ING Vysya Bank Ltd,VYSA0007530,0,ASSET RECOVERY MANAGEMENT- HYDERABAD,3-6-438 5TH AND 6TH FLOORS NASPUR HOUSE MAIN ROAD HIMAYATNAGAR HYDERABAD - 500 029,,HYDERABAD,HYDERABAD URBAN,ANDHRA PRADESH
VYSA0007540,ING Vysya Bank Ltd,VYSA0007540,520064104,VIDYANAGAR,"NEAR BOMMIDALA PURNAIAH &ANKAMMA KALYANA MANDAPAM, VIDYA NAGAR RING ROAD, GUNTUR - 522006.",,GUNTUR,GUNTUR,ANDHRA PRADESH
VYSA0007550,ING Vysya Bank Ltd,VYSA0007550,530064009,DWARAKA NAGAR,"47-2-26, SRIKANYA ARCADE, IV LANE, DWARAKANAGAR, VISHAKAPATNAM - 530016.",,VISAKHAPATNAM,VISHAKAPATNAM,ANDHRA PRADESH
VYSA0007560,ING Vysya Bank Ltd,VYSA0007560,500064015,MADHAPUR,"D.NO.198/15, OPP.COD, JUBILEE HILLS, HITEC CITY ROAD, MADHAPUR, HYDERABAD - 500033.",,HYDERABAD,HYDERABAD URBAN,ANDHRA PRADESH
VYSA0007570,ING Vysya Bank Ltd,VYSA0007570,0,PARVATHIPURAM,"28-1/66 - A MAIN ROAD , VIZIANAGARAM - DIST. PARAVATHIPURAM - 535501",,PARVATHIPURAM,VIZIANAGARAM,ANDHRA PRADESH
VYSA0007580,ING Vysya Bank Ltd,VYSA0007580,505064003,MANKAMMATHOTA,"MANKAMMA THOTA, KARMINAGAR -505002",,KARIMNAGAR,KARIM NAGAR,ANDHRA PRADESH
VYSA0007590,ING Vysya Bank Ltd,VYSA0007590,530064007,SHANTHIPURAM,"49-52-1/12, ADUSHA TOWERS GROUND FLOOR, SHANTIPURAM SANKARA MATAM ROAD VISHAKAPATNAM - 530016.",,VISAKHAPATNAM,VISHAKAPATNAM,ANDHRA PRADESH
VYSA0007600,ING Vysya Bank Ltd,VYSA0007600,500064019,BHEL TOWNSHIP,"1315,BHEL MIG COLONY, RAMACHANDRAPURAM, HYDERABAD-500032 HYDERABAD - 502319",,HYDERABAD,HYDERABAD URBAN,ANDHRA PRADESH
VYSA0007610,ING Vysya Bank Ltd,VYSA0007610,500064024,KHAIRATABAD,"6-3-636, GROUND FLOOR, PERIKA BHAVAN, OPP. FLYOVER, KHAIRATABAD, HYDERABAD-500 004",,HYDERABAD,HYDERABAD URBAN,ANDHRA PRADESH
VYSA0007620,ING Vysya Bank Ltd,VYSA0007620,0,PENUGONDA,Z.N.V.R. HIGH SCHOOL PENUGONDA - 534 320,,PENUGONDA,WEST GODAVARI,ANDHRA PRADESH
VYSA0007630,ING Vysya Bank Ltd,VYSA0007630,530064010,SEETHAMADHARA,"E-9, LIG, DOOR NO-50-27-16, RAMMOHAN CHAMBERS, NORTH EXTENSION, SEETHAMMADHARA, VISHAKAPATNAM-530013",,VISAKHAPATNAM,VISHAKAPATNAM,ANDHRA PRADESH
VYSA0007640,ING Vysya Bank Ltd,VYSA0007640,520064006,"M G ROAD, VIJAYAWADA","56-3-2, BUNDER ROAD, NEAR DURGA MAHAL, PATAMATA, VIJAYAWADA-520 010",,VIJAYAWADA,KRISHNA,ANDHRA PRADESH
VYSA0007650,ING Vysya Bank Ltd,VYSA0007650,500064025,SANATNAGAR,HINDU PUBLIC SCHOOL NEAR HANUMAN DEVASTANAM SANATHNAGAR HYDERABAD-500 018,,HYDERABAD,HYDERABAD URBAN,ANDHRA PRADESH
VYSA0007660,ING Vysya Bank Ltd,VYSA0007660,500064022,HABSIGUDA,"KAKATIYANAGAR, STREET NO.3, HABSIGUDA, HYDERABAD - 500007",,HYDERABAD,HYDERABAD URBAN,ANDHRA PRADESH
VYSA0007670,ING Vysya Bank Ltd,VYSA0007670,500064028,A S RAO NAGAR,"""38-29-16/1, JAI GANESH NILAYAM, OPPOSITE VAYUPURI COLONY, SECUNDERABAD - 500094""",,SECUNDERABAD CANTONMENT,HYDERABAD URBAN,ANDHRA PRADESH
VYSA0007680,ING Vysya Bank Ltd,VYSA0007680,500064023,DILSUKH NAGAR,PRAGATHI COLLEGE FOR WOMEN GADDIANNARAM X- ROAD DILSUKHNAGAR HYDERABAD-500 036,,HYDERABAD,HYDERABAD URBAN,ANDHRA PRADESH
VYSA0007690,ING Vysya Bank Ltd,VYSA0007690,500064027,GANDHINAGAR,ST. JOSEPHS PUBLIC SCHOOL 1-3-183/40/A GANDHINAGAR HYDERABAD - 500080,,HYDERABAD,HYDERABAD URBAN,ANDHRA PRADESH
VYSA0007700,ING Vysya Bank Ltd,VYSA0007700,500064032,SANTHOSH NAGAR,"""ING VYSYA BANK MIG H-4, H.NO. 17-1-376/16 LAKSHMI ESTATES, OPP: YADAGIRI THEATRE SANTOSHNAGAR, HYDERABAD-500059""",,HYDERABAD,HYDERABAD URBAN,ANDHRA PRADESH
VYSA0007710,ING Vysya Bank Ltd,VYSA0007710,500064031,KPHB,"""""""PRATHIBHA VIDYANIKETAN, NO. 22-239, I FLOOR, JAYRAM REDDY COMPLEX, OPP.K.P.H.B. COLONY, NEAR SHIVA PARVATHI THEATRE, KUKATPALLY, HYDERABAD-500 072""""""",,HYDERABAD,HYDERABAD URBAN,ANDHRA PRADESH
VYSA0007720,ING Vysya Bank Ltd,VYSA0007720,500064026,TRIMULGHERRY,"""ING VYSYA BANK, 31-10-5/6 ,K.P.COMPLEX, TRIMULGHERRY X ROADS SECUNDERABAD - 500015""",,SECUNDERABAD CANTONMENT,HYDERABAD URBAN,ANDHRA PRADESH
VYSA0007730,ING Vysya Bank Ltd,VYSA0007730,506064302,NARASAMPET,MALLAMPALLI RD NARASAMPET DIST WARANGAL,,NARASAMPET,WARANGAL,ANDHRA PRADESH
VYSA0007740,ING Vysya Bank Ltd,VYSA0007740,506064006,RAM NAGAR HANMAKONDA,"""2-4-151, RAMNAGAR, HANUMAKONDA-506 011""",,WARANGAL,WARANGAL,ANDHRA PRADESH
VYSA0007750,ING Vysya Bank Ltd,VYSA0007750,507064003,MAYURI CENTER,"""SABITA NURSING HOME, 11-2-23, MAYURI CENTRE KHAMMAM -507001""",,KHAMMAM,KHAMMAM,ANDHRA PRADESH
VYSA0007760,ING Vysya Bank Ltd,VYSA0007760,533064103,DANAVAIPET,"""46-7-43, OFFICE OF THE ASST.COMMISSIONER OF ENDOWMENTS DEPT., DANAVAIPET, RAJAHMUNDRY -533103""",,RAJAHMUNDRY,EAST GODAVARI,ANDHRA PRADESH
VYSA0007770,ING Vysya Bank Ltd,VYSA0007770,NON-MCIR,SHAMSHABAD,"23-171/1, GROUND FLOOR, RAJIV GANDHI INTERNATIONAL AIRPORT ROAD, SHAMSHABAD, HYDERABAD - 501 218",,SHAMSHABAD,RANGA REDDY,ANDHRA PRADESH
VYSA0008000,ING Vysya Bank Ltd,VYSA0008000,520064001,RCC VIJAYAWADA,"KODANDARAMI REDDY STREET, OPP.RAHAMAN PARK, GOVERNORPET, VIJAYAWADA - 520 002",,VIJAYAWADA,KRISHNA,ANDHRA PRADESH
VYSA0008010,ING Vysya Bank Ltd,VYSA0008010,400064033,GOREGAON,"SHOP NOS. 3 & 4, POONAM HEIGHTS, UDYOG NAGAR, S.V. ROAD, GOREGAON (W), ANDHERI, MUMBAI - 400 062",,MUMBAI,GREATER BOMBAY,MAHARASHTRA
VYSA0008020,ING Vysya Bank Ltd,VYSA0008020,APPLIED FOR,"LAXMI TOWERS BKC BANDRA, MUMBAI","PLOT NO,26/27, LAXMI TOWER,C- WING, 2ND FLOOR, BKC, BANDRA (E), MUMBAI  400 051",,MUMBAI,GREATER BOMBAY,MAHARASHTRA
VYSA0008030,ING Vysya Bank Ltd,VYSA0008030,APPLIED FOR,BHADSON,"GROUND FLOOR, KHASRA NO. 159, VILL-RAM SINGH NAU, BHADSON, TESHIL - NABHA",,BHADSON,PATIALA,PUNJAB
VYSA0008040,ING Vysya Bank Ltd,VYSA0008040,141064521,"PAKHOWAL, PUNJAB","NEAR MAIN BUS STAND PAKHWOL ,LUDHIANA PUNJAB PIN 141108",,PAKHOWAL,LUDHIANA,PUNJAB
VYSA0008050,ING Vysya Bank Ltd,VYSA0008050,400064036,MALAD (E),"SHOP NO 3,4 & 14,KHANDELWAL HOUSE,PODDAR ROAD ,MALLAD EAST MUMBAI-400097",,MUMBAI,GREATER BOMBAY,MAHARASHTRA
VYSA0008070,ING Vysya Bank Ltd,VYSA0008070,APPLIED FOR,"NEW ROHTAK ROAD, DELHI","5 C/1, GROUND FLOOR, NEW ROTHAK ROAD, KAROL BAGH, DELHI CENTRAL DISTRICT, DELHI - 110 005",,ROHTAK RD INDTL.COMPLEX,DELHI,DELHI
VYSA0008080,ING Vysya Bank Ltd,VYSA0008080,APPLIED FOR,"DHURI, PUNJAB","MAHALUXMI TRDERS, NEAR S.B.O, DHURI  148 024",,DHURI,SANGRUR,PUNJAB
VYSA0008090,ING Vysya Bank Ltd,VYSA0008090,APPLIED FOR,"ROPAR, PUNJAB","SCO-39, BELA ROAD, ROPAR DISTRICT, ROPAR - 140 001",,RUPNAGAR,RUPNAGAR,PUNJAB
VYSA0008100,ING Vysya Bank Ltd,VYSA0008100,0,CECS,"100, VITTAL MALLAYA ROAD, BANGALORE",,BANGALORE,BANGALORE URBAN,KARNATAKA
VYSA0008110,ING Vysya Bank Ltd,VYSA0008110,APPLIED FOR,"FATEHGARH SAHEB, PUNJAB","JASSAR COMPLEX, NEAR JYOTI SARUP CHOWK, FATEGARH SAHIB  - 140 406",,FATEHGARH SAHIB,FATEHGARH SAHIB,PUNJAB
VYSA0008120,ING Vysya Bank Ltd,VYSA0008120,APPLIED FOR,"NAWANSHAHAR, PUNJAB","NO.105/324 & KHATA NO. 125/170, GUJAPUR KALAN, NAWANSHAHAR ( SHAHID BAHAGATH SINGH NAGAR) - 144 514",,NAWANSHAHAR,NAWANSHAHAR,PUNJAB
VYSA0008130,ING Vysya Bank Ltd,VYSA0008130,APPLIED FOR,"MANESAR, GURGAON","UNIT NO.16 TO 18, GROUND FLOOR, EROS CORPORATE PARTK, K. BLOCK, SECTOR -2, IMT MANESAR, GURGAON DISTRICT, HARYANA- 122 050",,MANESAR,GURGAON,HARYANA
VYSA0008140,ING Vysya Bank Ltd,VYSA0008140,APPLIED FOR,"JHANSI, UP",,,JHANSI,JHANSI,UTTAR PRADESH
VYSA0008150,ING Vysya Bank Ltd,VYSA0008150,APPLIED FOR,SURENDRA NAGAR,"OFF NO. 6, 7 AND 8, GROUND FLOOR LABH COMPLES OPP MP SHAH ARTS AND SCIENCE COLLEGE S T BUS STAND ROAD SURENDRA NAGAR PIN 363001 GUJARAT STATE",,SURENDRANAGAR,SURENDRANAGAR,GUJARAT
VYSA0008160,ING Vysya Bank Ltd,VYSA0008160,APPLIED FOR,"SAMRALA, PUNJAB","KHATA NO.842/871, KHASRA NO. 53/57 (0-10), SAMRALA - 141 114",,SAMRALA,LUDHIANA,PUNJAB
VYSA0008170,ING Vysya Bank Ltd,VYSA0008170,APPLIED FOR,SOHANA,"KHASRA NO.678, CHANDIGARH LANDRAN ROAD, SOHANA - 140 308",,RUPNAGAR,RUPNAGAR,PUNJAB
VYSA0008180,ING Vysya Bank Ltd,VYSA0008180,APPLIED FOR,UJJAIN,"ADITYA PLAZA, 34 & 35 KAMLA NEHRU MARG, FREEGUNJ, UJJAIN - 456 010",,UJJAIN,UJJAIN,MADHYA PRADESH
VYSA0008190,ING Vysya Bank Ltd,VYSA0008190,APPLIED FOR,JUNAGADH,"MARY GOLD - 3, SHOP NO.2, GROUND FLOOR, OPP. BAHAUDIN COLLEGE, JUNAGHAD - 362 001",,JUNGADH,JUNGADH,GUJARAT
VYSA0008200,ING Vysya Bank Ltd,VYSA0008200,APPLIED FOR,AMRELI,"NARAYAN PLAZA, SAHKAR BHAVAN, GROUND FLOOR, SHOP NO.1,2, 18 TO 20 & I FLOOR SHOP NO.1,2, 17, 18, OPP. HIRAK BAUG, STATION ROAD, AMRELI - 365 601",,AMERELI,AMERELI,GUJARAT
VYSA0008500,ING Vysya Bank Ltd,VYSA0008500,700064001,RCC KOLKATA,"NO. 17, BRABOURNE ROAD, 3RD FLOOR, MOOKERJEE HOUSE, KOLKATA - 700 001",,KOLKATA,KOLKATA,WEST BENGAL
VYSA0008501,ING Vysya Bank Ltd,VYSA0008501,0,CMS KOLKATA,"77, N S ROAD, KOLKATA - 700001",,KOLKATA,KOLKATA,WEST BENGAL
VYSA0008750,ING Vysya Bank Ltd,VYSA0008750,530064001,RCC VISAKHAPATNAM,"SRI KANYA ARCADE, D.NO. 47-7-26, 2ND FLOOR, 4TH LANE, DWARAKANAGAR, VISAKHAPATNAM - 530016",,VISAKHAPATNAM,VISHAKAPATNAM,ANDHRA PRADESH
VYSA0009330,ING Vysya Bank Ltd,VYSA0009330,0,CENTRALISED OPERATIONS,CENTRALISED OPERATIONS,,BANGALORE,BANGALORE URBAN,KARNATAKA
VYSA00COHRD,ING Vysya Bank Ltd,VYSA00COHRD,0,HRD,"22, M.G.ROAD, BANGALORE",,BANGALORE,BANGALORE URBAN,KARNATAKA
VYSA0CMSZBA,ING Vysya Bank Ltd,VYSA0CMSZBA,NON MICR,CMS HUB,100 EDEN PARK NO 20 VITTAL MALLYA ROAD BANGALORE 5600066,,BANGALORE,BANGALORE URBAN,KARNATAKA
VYSA0DP2150,ING Vysya Bank Ltd,VYSA0DP2150,0,VYSDP,"NO.69, RAMAIAH COMPLEX, ROOPENA AGRAHARA, HOSUR ROAD, BANGALORE 560 068",,BANGALORE,BANGALORE URBAN,KARNATAKA
VYSA0MIBANK,ING Vysya Bank Ltd,VYSA0MIBANK,0,MIBANK,BANGALORE,,BANGALORE,BANGALORE URBAN,KARNATAKA
VYSA0PAYPRO,ING Vysya Bank Ltd,VYSA0PAYPRO,NON-MCIR,CMS PAY PRO,"VITTALY MALLAYA ROAD, BANGALORE",,BANGALORE,BANGALORE URBAN,KARNATAKA
VYSA0008210,ING Vysya Bank Ltd,VYSA0008210,APPLIED FOR,JALALABAD,"RAMLILA CHOWK, MAIN BAZAAR, JALALABAD - 152024, FAZILKA DISTRICT",,FAZILKA,MOGA,PUNJAB
VYSA0008220,ING Vysya Bank Ltd,VYSA0008220,APPLIED FOR,SULTANPUR LODHI,"GILL MARKET, BERSAHIB ROAD, SULTANPUR LODHI, KAPURTHALA DISTRICT",,KAPURTHALA,KAPURTHALA,PUNJAB
VYSA0008230,ING Vysya Bank Ltd,VYSA0008230,APPLIED FOR,RAMPURA PHUL,"OPP. BANK OF INDIA, BANK BAZAAR, RAMPURA PHUL -151103, BHATINDA DISTRICT",,BHATINDA,BATHINDA,PUNJAB
VYSA0008240,ING Vysya Bank Ltd,VYSA0008240,APPLIED FOR,AJNALA,"MAIN AMRITSAR ROAD, NEAR SWARAJ TRACTOR AGENCY, AJNALA, DIST. AMRITSAR",,AMRITSAR,AMRITSAR,PUNJAB
VYSA0002430,ING Vysya Bank Ltd,VYSA0002430,APPLIED FOR,P.MAHADEVAPURA,"MANDAL ROAD, P.MAHADEVAPURA - 577 538",,MAHADEVAPURAM,SRIKAKULAM,ANDHRA PRADESH
VYSA0008250,ING Vysya Bank Ltd,VYSA0008250,APPLIED FOR,KUNAGALLI,"#457, MAIN ROAD, KUNAGALLI VILLAGE & POST, KOLLEGAL TALUK, CHAMARAJANAGAR DISTRICT - 571224",,KOLLEGAL,CHAMARAJANAGAR,KARNATAKA
VYSA0008260,ING Vysya Bank Ltd,VYSA0008260,APPLIED FOR,ALGODU,"GROUND FLOOR, MAIN ROAD, ALAGUDU- 57110,  T. NARASIPUR TALUK, MYSORE DISTRICT",,MYSORE,MYSORE,KARNATAKA
VYSA0008270,ING Vysya Bank Ltd,VYSA0008270,APPLIED FOR,KIRAGASURU,"#257, KIRAGASURU VILLAGE & POST, T. NARASIPURA - 571124",,TIRUMAKUDAL NARSIPUR,MYSORE,KARNATAKA
VYSA0007820,ING Vysya Bank Ltd,VYSA0007820,,YOUSUFGUDA BRANCH,H. NO. 83318 BY 10 BY 2 PLOT NO. 10 ENGINEERS COLONY YOUSUFGUDA MAIN ROAD HYDERABAD 500 073,,HYDERABAD,HYDERABAD,ANDHRA PRADESH
VYSA0002440,ING Vysya Bank Ltd,VYSA0002440,APPLIED FOR,MAGADI,"JANAPRIYA TOWNSHIP,KADABAGERE VILLAGE,MACHOHALLI PANCHAYAT,DASNPURAHOBLI,BANGALORE 562130 ",,MAGADI,BANGALORE RURAL,KARNATAKA
VYSA0008280,ING Vysya Bank Ltd,VYSA0008280,APPLIED FOR,SAMANA,"AGARSAIN CHOWK,MIN ROAD,SAMANA,PATIALA ROAD,DIST.PATIALA 147 101 ",,SAMANA,PATIALA,PUNJAB
VYSA0008290,ING Vysya Bank Ltd,VYSA0008290,APPLIED FOR,FAZILKA,"OPP HERO HONDA AGENCY,NEAR FLYOVER,HANUMANAGARH ROAD,ASIMGARH,DIST FAZILKA 152116 ",,FAZILKA,FEROZPUR,PUNJAB
VYSA0008300,ING Vysya Bank Ltd,VYSA0008300,APPLIED FOR,DINANAGAR,"G T ROAD,NEAR VETNERY HOSPITAL,DINANAGAR 143521 ",,DINANAGAR,GURDASPUR,PUNJAB
VYSA0008310,ING Vysya Bank Ltd,VYSA0008310,APPLIED FOR,TALWANDI BHAI,"GROUND FLOOR,OPP CHAWLA HOSPITAL,OLD GRAIN MARKET,TALWANDI BHAI 142050 ",,TALWANDI BHAI,FEROZPUR,PUNJAB
VYSA0008320,ING Vysya Bank Ltd,VYSA0008320,APPLIED FOR,QADIAN,"B1111 AND 2,THIKRIWAL ROAD,QUADIAN 143516 ",,QADIAN,GURDASPUR,PUNJAB
VYSA0008330,ING Vysya Bank Ltd,VYSA0008330,APPLIED FOR,DORAHA,"OLD GRAIN MARKET,DORAHA 141421 ",,DORAHA,LUDHIANA,PUNJAB
VYSA0008390,ING Vysya Bank Ltd,VYSA0008390,APPLIED FOR,C.G. ROAD  AHMEDABAD,"GROUND FLOOR, REMBRANDT BUILDING, CG ROAD, ELLIS BRIDGE, AHMEDABAD - 380006",,AHEMADABAD,AHEMADABAD,GUJARAT